"id","employee_id","date","check_in","check_out","status"
1,1,"2026-08-22","09:30:00","18:00:00","PRESENT"
2,1,"2026-07-23","09:16:00","18:03:00","PRESENT"
3,1,"2026-07-24","09:18:00","18:06:00","PRESENT"
4,1,"2026-07-27","09:22:00","18:13:00","PRESENT"
5,1,"2026-07-28","09:29:00","18:25:00","PRESENT"
6,1,"2026-07-29","09:23:00","18:30:00","PRESENT"
7,1,"2026-07-30","09:21:00","18:06:00","PRESENT"
8,1,"2026-07-31","09:02:00","18:30:00","PRESENT"
9,1,"2026-08-03","09:10:00","18:19:00","PRESENT"
10,1,"2026-08-04","09:27:00","18:03:00","PRESENT"
11,1,"2026-08-05","09:09:00","18:16:00","PRESENT"
12,1,"2026-08-06","09:13:00","18:10:00","PRESENT"
13,1,"2026-08-07","09:09:00","18:17:00","PRESENT"
14,1,"2026-08-10","09:13:00","18:21:00","PRESENT"
15,1,"2026-08-11","09:21:00","18:23:00","LATE"
16,1,"2026-08-12",NULL,NULL,"ABSENT"
17,1,"2026-08-13","09:09:00","18:12:00","PRESENT"
18,1,"2026-08-14","09:00:00","18:09:00","PRESENT"
19,1,"2026-08-17","09:13:00","18:25:00","PRESENT"
20,1,"2026-08-18","09:20:00","18:10:00","PRESENT"
21,1,"2026-08-19","09:14:00","18:21:00","PRESENT"
22,2,"2026-07-23","09:15:00","18:25:00","PRESENT"
23,2,"2026-07-24",NULL,NULL,"ABSENT"
24,2,"2026-07-27","09:05:00","18:21:00","PRESENT"
25,2,"2026-07-28","09:16:00","18:21:00","PRESENT"
26,2,"2026-07-29","09:10:00","18:02:00","PRESENT"
27,2,"2026-07-30","09:24:00","18:07:00","PRESENT"
28,2,"2026-07-31","09:07:00","18:25:00","PRESENT"
29,2,"2026-08-03","09:00:00","18:01:00","PRESENT"
30,2,"2026-08-04","09:15:00","18:19:00","PRESENT"
31,2,"2026-08-05","09:02:00","18:14:00","PRESENT"
32,2,"2026-08-06","09:20:00","18:18:00","PRESENT"
33,2,"2026-08-07","09:22:00","18:12:00","PRESENT"
34,2,"2026-08-10","09:07:00","18:04:00","PRESENT"
35,2,"2026-08-11","09:00:00","18:28:00","PRESENT"
36,2,"2026-08-12","09:24:00","18:28:00","PRESENT"
37,2,"2026-08-13","09:13:00","18:07:00","PRESENT"
38,2,"2026-08-14","09:30:00","18:22:00","PRESENT"
39,2,"2026-08-17","09:01:00","18:17:00","PRESENT"
40,2,"2026-08-18","09:27:00","18:03:00","PRESENT"
41,2,"2026-08-19","09:25:00","18:14:00","PRESENT"
42,3,"2026-07-23","09:17:00","18:19:00","PRESENT"
43,3,"2026-07-24","09:24:00","18:28:00","PRESENT"
44,3,"2026-07-27","09:26:00","18:23:00","PRESENT"
45,3,"2026-07-28",NULL,NULL,"ABSENT"
46,3,"2026-07-29","09:29:00","18:17:00","PRESENT"
47,3,"2026-07-30","09:05:00","18:23:00","PRESENT"
48,3,"2026-07-31",NULL,NULL,"ABSENT"
49,3,"2026-08-03","09:24:00","18:07:00","PRESENT"
50,3,"2026-08-04","09:08:00","18:24:00","PRESENT"
51,3,"2026-08-05","09:15:00","18:20:00","PRESENT"
52,3,"2026-08-06","09:14:00","18:02:00","PRESENT"
53,3,"2026-08-07","09:07:00","18:08:00","PRESENT"
54,3,"2026-08-10","09:28:00","18:17:00","PRESENT"
55,3,"2026-08-11","09:04:00","18:07:00","PRESENT"
56,3,"2026-08-12","09:04:00","18:22:00","PRESENT"
57,3,"2026-08-13","09:13:00","18:13:00","PRESENT"
58,3,"2026-08-14","09:14:00","18:13:00","PRESENT"
59,3,"2026-08-17","09:26:00","18:13:00","PRESENT"
60,3,"2026-08-18","09:24:00","18:18:00","PRESENT"
61,3,"2026-08-19","09:00:00","18:27:00","LATE"
62,4,"2026-07-23",NULL,NULL,"ABSENT"
63,4,"2026-07-24","09:15:00","18:00:00","PRESENT"
64,4,"2026-07-27","09:09:00","18:24:00","LATE"
65,4,"2026-07-28","09:28:00","18:30:00","PRESENT"
66,4,"2026-07-29","09:17:00","18:23:00","PRESENT"
67,4,"2026-07-30","09:25:00","18:19:00","PRESENT"
68,4,"2026-07-31",NULL,NULL,"ABSENT"
69,4,"2026-08-03","09:08:00","18:13:00","PRESENT"
70,4,"2026-08-04","09:12:00","18:10:00","PRESENT"
71,4,"2026-08-05","09:25:00","18:12:00","PRESENT"
72,4,"2026-08-06","09:26:00","18:14:00","PRESENT"
73,4,"2026-08-07",NULL,NULL,"ABSENT"
74,4,"2026-08-10","09:17:00","18:00:00","LATE"
75,4,"2026-08-11",NULL,NULL,"ABSENT"
76,4,"2026-08-12","09:21:00","18:00:00","PRESENT"
77,4,"2026-08-13","09:13:00","18:04:00","PRESENT"
78,4,"2026-08-14",NULL,NULL,"ABSENT"
79,4,"2026-08-17","09:08:00","18:12:00","PRESENT"
80,4,"2026-08-18","09:14:00","18:10:00","PRESENT"
81,4,"2026-08-19","09:28:00","18:12:00","PRESENT"
82,5,"2026-07-23","09:30:00","18:26:00","PRESENT"
83,5,"2026-07-24","09:26:00","18:02:00","PRESENT"
84,5,"2026-07-27","09:23:00","18:17:00","PRESENT"
85,5,"2026-07-28","09:30:00","18:11:00","PRESENT"
86,5,"2026-07-29","09:02:00","18:24:00","PRESENT"
87,5,"2026-07-30","09:01:00","18:24:00","LATE"
88,5,"2026-07-31","09:07:00","18:06:00","PRESENT"
89,5,"2026-08-03","09:19:00","18:04:00","PRESENT"
90,5,"2026-08-04","09:15:00","18:21:00","PRESENT"
91,5,"2026-08-05","09:30:00","18:06:00","PRESENT"
92,5,"2026-08-06","09:08:00","18:24:00","PRESENT"
93,5,"2026-08-07","09:19:00","18:19:00","PRESENT"
94,5,"2026-08-10","09:22:00","18:03:00","LATE"
95,5,"2026-08-11","09:05:00","18:30:00","PRESENT"
96,5,"2026-08-12","09:18:00","18:00:00","PRESENT"
97,5,"2026-08-13",NULL,NULL,"ABSENT"
98,5,"2026-08-14","09:29:00","18:30:00","PRESENT"
99,5,"2026-08-17","09:30:00","18:22:00","PRESENT"
100,5,"2026-08-18","09:18:00","18:22:00","PRESENT"
101,5,"2026-08-19","09:07:00","18:03:00","PRESENT"
102,6,"2026-07-23","09:09:00","18:27:00","PRESENT"
103,6,"2026-07-24","09:25:00","18:03:00","PRESENT"
104,6,"2026-07-27","09:18:00","18:25:00","PRESENT"
105,6,"2026-07-28","09:17:00","18:13:00","PRESENT"
106,6,"2026-07-29","09:02:00","18:16:00","PRESENT"
107,6,"2026-07-30","09:00:00","18:27:00","PRESENT"
108,6,"2026-07-31","09:15:00","18:03:00","PRESENT"
109,6,"2026-08-03","09:11:00","18:20:00","PRESENT"
110,6,"2026-08-04",NULL,NULL,"ABSENT"
111,6,"2026-08-05","09:04:00","18:13:00","PRESENT"
112,6,"2026-08-06","09:16:00","18:30:00","PRESENT"
113,6,"2026-08-07","09:19:00","18:25:00","PRESENT"
114,6,"2026-08-10",NULL,NULL,"ABSENT"
115,6,"2026-08-11","09:14:00","18:13:00","PRESENT"
116,6,"2026-08-12","09:18:00","18:08:00","PRESENT"
117,6,"2026-08-13","09:07:00","18:26:00","PRESENT"
118,6,"2026-08-14","09:08:00","18:28:00","LATE"
119,6,"2026-08-17","09:24:00","18:14:00","PRESENT"
120,6,"2026-08-18","09:21:00","18:12:00","PRESENT"
121,6,"2026-08-19","09:15:00","18:27:00","PRESENT"
122,7,"2026-07-23","09:15:00","18:06:00","PRESENT"
123,7,"2026-07-24","09:08:00","18:10:00","PRESENT"
124,7,"2026-07-27","09:19:00","18:22:00","PRESENT"
125,7,"2026-07-28",NULL,NULL,"ABSENT"
126,7,"2026-07-29","09:16:00","18:30:00","PRESENT"
127,7,"2026-07-30","09:07:00","18:23:00","PRESENT"
128,7,"2026-07-31","09:17:00","18:24:00","PRESENT"
129,7,"2026-08-03","09:15:00","18:20:00","PRESENT"
130,7,"2026-08-04","09:14:00","18:25:00","PRESENT"
131,7,"2026-08-05","09:09:00","18:07:00","PRESENT"
132,7,"2026-08-06","09:07:00","18:09:00","PRESENT"
133,7,"2026-08-07","09:11:00","18:15:00","PRESENT"
134,7,"2026-08-10","09:11:00","18:13:00","PRESENT"
135,7,"2026-08-11","09:17:00","18:10:00","LATE"
136,7,"2026-08-12","09:14:00","18:08:00","PRESENT"
137,7,"2026-08-13","09:07:00","18:03:00","PRESENT"
138,7,"2026-08-14","09:10:00","18:03:00","PRESENT"
139,7,"2026-08-17","09:30:00","18:24:00","PRESENT"
140,7,"2026-08-18","09:06:00","18:06:00","PRESENT"
141,7,"2026-08-19","09:08:00","18:23:00","PRESENT"
142,8,"2026-07-23","09:24:00","18:16:00","PRESENT"
143,8,"2026-07-24","09:03:00","18:26:00","PRESENT"
144,8,"2026-07-27","09:07:00","18:11:00","PRESENT"
145,8,"2026-07-28","09:00:00","18:22:00","PRESENT"
146,8,"2026-07-29","09:08:00","18:01:00","PRESENT"
147,8,"2026-07-30","09:17:00","18:09:00","LATE"
148,8,"2026-07-31","09:04:00","18:20:00","PRESENT"
149,8,"2026-08-03",NULL,NULL,"ABSENT"
150,8,"2026-08-04","09:27:00","18:00:00","PRESENT"
151,8,"2026-08-05","09:15:00","18:15:00","PRESENT"
152,8,"2026-08-06","09:05:00","18:30:00","PRESENT"
153,8,"2026-08-07","09:30:00","18:27:00","PRESENT"
154,8,"2026-08-10","09:26:00","18:02:00","PRESENT"
155,8,"2026-08-11","09:02:00","18:18:00","PRESENT"
156,8,"2026-08-12","09:01:00","18:04:00","PRESENT"
157,8,"2026-08-13","09:18:00","18:30:00","PRESENT"
158,8,"2026-08-14","09:07:00","18:03:00","PRESENT"
159,8,"2026-08-17","09:13:00","18:19:00","PRESENT"
160,8,"2026-08-18","09:19:00","18:07:00","PRESENT"
161,8,"2026-08-19","09:12:00","18:14:00","PRESENT"
162,9,"2026-07-23",NULL,NULL,"ABSENT"
163,9,"2026-07-24","09:18:00","18:13:00","PRESENT"
164,9,"2026-07-27","09:19:00","18:01:00","PRESENT"
165,9,"2026-07-28","09:23:00","18:03:00","PRESENT"
166,9,"2026-07-29","09:06:00","18:20:00","LATE"
167,9,"2026-07-30","09:21:00","18:02:00","PRESENT"
168,9,"2026-07-31","09:05:00","18:17:00","PRESENT"
169,9,"2026-08-03","09:00:00","18:13:00","PRESENT"
170,9,"2026-08-04","09:19:00","18:15:00","PRESENT"
171,9,"2026-08-05","09:07:00","18:09:00","PRESENT"
172,9,"2026-08-06","09:22:00","18:27:00","PRESENT"
173,9,"2026-08-07","09:21:00","18:07:00","PRESENT"
174,9,"2026-08-10",NULL,NULL,"ABSENT"
175,9,"2026-08-11","09:20:00","18:18:00","PRESENT"
176,9,"2026-08-12","09:29:00","18:06:00","PRESENT"
177,9,"2026-08-13","09:17:00","18:07:00","PRESENT"
178,9,"2026-08-14","09:29:00","18:08:00","PRESENT"
179,9,"2026-08-17","09:02:00","18:01:00","PRESENT"
180,9,"2026-08-18","09:09:00","18:19:00","PRESENT"
181,9,"2026-08-19","09:18:00","18:29:00","PRESENT"
182,10,"2026-07-23","09:03:00","18:14:00","PRESENT"
183,10,"2026-07-24","09:22:00","18:12:00","PRESENT"
184,10,"2026-07-27","09:16:00","18:17:00","LATE"
185,10,"2026-07-28","09:02:00","18:19:00","PRESENT"
186,10,"2026-07-29","09:13:00","18:23:00","PRESENT"
187,10,"2026-07-30","09:08:00","18:00:00","PRESENT"
188,10,"2026-07-31","09:30:00","18:21:00","PRESENT"
189,10,"2026-08-03","09:18:00","18:18:00","PRESENT"
190,10,"2026-08-04","09:24:00","18:21:00","LATE"
191,10,"2026-08-05","09:18:00","18:01:00","PRESENT"
192,10,"2026-08-06","09:05:00","18:15:00","PRESENT"
193,10,"2026-08-07","09:14:00","18:29:00","PRESENT"
194,10,"2026-08-10","09:18:00","18:13:00","PRESENT"
195,10,"2026-08-11","09:15:00","18:02:00","PRESENT"
196,10,"2026-08-12","09:13:00","18:10:00","PRESENT"
197,10,"2026-08-13","09:03:00","18:27:00","PRESENT"
198,10,"2026-08-14","09:13:00","18:22:00","PRESENT"
199,10,"2026-08-17","09:21:00","18:30:00","PRESENT"
200,10,"2026-08-18","09:24:00","18:17:00","PRESENT"
201,10,"2026-08-19","09:02:00","18:10:00","PRESENT"
202,11,"2026-07-23","09:03:00","18:24:00","PRESENT"
203,11,"2026-07-24","09:16:00","18:26:00","PRESENT"
204,11,"2026-07-27","09:21:00","18:27:00","LATE"
205,11,"2026-07-28","09:13:00","18:01:00","PRESENT"
206,11,"2026-07-29","09:11:00","18:19:00","PRESENT"
207,11,"2026-07-30","09:20:00","18:14:00","PRESENT"
208,11,"2026-07-31","09:06:00","18:08:00","PRESENT"
209,11,"2026-08-03","09:29:00","18:09:00","PRESENT"
210,11,"2026-08-04","09:22:00","18:15:00","PRESENT"
211,11,"2026-08-05","09:20:00","18:19:00","PRESENT"
212,11,"2026-08-06","09:22:00","18:05:00","PRESENT"
213,11,"2026-08-07","09:00:00","18:17:00","PRESENT"
214,11,"2026-08-10","09:07:00","18:26:00","PRESENT"
215,11,"2026-08-11",NULL,NULL,"ABSENT"
216,11,"2026-08-12","09:03:00","18:20:00","PRESENT"
217,11,"2026-08-13","09:15:00","18:29:00","PRESENT"
218,11,"2026-08-14","09:16:00","18:22:00","PRESENT"
219,11,"2026-08-17","09:26:00","18:15:00","PRESENT"
220,11,"2026-08-18","09:07:00","18:14:00","LATE"
221,11,"2026-08-19","09:12:00","18:06:00","PRESENT"
222,12,"2026-07-23",NULL,NULL,"ABSENT"
223,12,"2026-07-24","09:28:00","18:04:00","PRESENT"
224,12,"2026-07-27",NULL,NULL,"ABSENT"
225,12,"2026-07-28","09:25:00","18:27:00","PRESENT"
226,12,"2026-07-29","09:29:00","18:25:00","PRESENT"
227,12,"2026-07-30","09:26:00","18:00:00","PRESENT"
228,12,"2026-07-31","09:09:00","18:26:00","PRESENT"
229,12,"2026-08-03","09:21:00","18:15:00","PRESENT"
230,12,"2026-08-04",NULL,NULL,"ABSENT"
231,12,"2026-08-05","09:15:00","18:11:00","PRESENT"
232,12,"2026-08-06","09:24:00","18:17:00","PRESENT"
233,12,"2026-08-07","09:29:00","18:10:00","PRESENT"
234,12,"2026-08-10",NULL,NULL,"ABSENT"
235,12,"2026-08-11","09:07:00","18:18:00","LATE"
236,12,"2026-08-12","09:27:00","18:24:00","PRESENT"
237,12,"2026-08-13","09:10:00","18:23:00","PRESENT"
238,12,"2026-08-14","09:29:00","18:25:00","PRESENT"
239,12,"2026-08-17","09:21:00","18:25:00","PRESENT"
240,12,"2026-08-18","09:04:00","18:15:00","PRESENT"
241,12,"2026-08-19","09:04:00","18:16:00","LATE"
242,13,"2026-07-23","09:10:00","18:27:00","LATE"
243,13,"2026-07-24","09:27:00","18:14:00","PRESENT"
244,13,"2026-07-27","09:29:00","18:14:00","PRESENT"
245,13,"2026-07-28","09:04:00","18:13:00","PRESENT"
246,13,"2026-07-29",NULL,NULL,"ABSENT"
247,13,"2026-07-30","09:02:00","18:15:00","LATE"
248,13,"2026-07-31","09:08:00","18:10:00","PRESENT"
249,13,"2026-08-03","09:12:00","18:20:00","PRESENT"
250,13,"2026-08-04","09:10:00","18:27:00","PRESENT"
251,13,"2026-08-05","09:17:00","18:12:00","PRESENT"
252,13,"2026-08-06","09:20:00","18:22:00","LATE"
253,13,"2026-08-07",NULL,NULL,"ABSENT"
254,13,"2026-08-10","09:17:00","18:01:00","PRESENT"
255,13,"2026-08-11","09:07:00","18:20:00","PRESENT"
256,13,"2026-08-12","09:09:00","18:07:00","PRESENT"
257,13,"2026-08-13","09:13:00","18:03:00","PRESENT"
258,13,"2026-08-14","09:22:00","18:27:00","PRESENT"
259,13,"2026-08-17","09:05:00","18:22:00","PRESENT"
260,13,"2026-08-18","09:00:00","18:01:00","PRESENT"
261,13,"2026-08-19","09:01:00","18:09:00","PRESENT"
262,14,"2026-07-23","09:13:00","18:04:00","PRESENT"
263,14,"2026-07-24","09:13:00","18:18:00","PRESENT"
264,14,"2026-07-27","09:05:00","18:05:00","PRESENT"
265,14,"2026-07-28","09:19:00","18:27:00","PRESENT"
266,14,"2026-07-29","09:21:00","18:07:00","PRESENT"
267,14,"2026-07-30","09:18:00","18:04:00","PRESENT"
268,14,"2026-07-31","09:20:00","18:08:00","PRESENT"
269,14,"2026-08-03","09:21:00","18:00:00","PRESENT"
270,14,"2026-08-04",NULL,NULL,"ABSENT"
271,14,"2026-08-05","09:09:00","18:21:00","PRESENT"
272,14,"2026-08-06","09:02:00","18:14:00","PRESENT"
273,14,"2026-08-07","09:18:00","18:09:00","LATE"
274,14,"2026-08-10","09:13:00","18:22:00","PRESENT"
275,14,"2026-08-11","09:27:00","18:09:00","PRESENT"
276,14,"2026-08-12","09:12:00","18:27:00","PRESENT"
277,14,"2026-08-13","09:07:00","18:12:00","PRESENT"
278,14,"2026-08-14","09:18:00","18:09:00","PRESENT"
279,14,"2026-08-17","09:09:00","18:00:00","LATE"
280,14,"2026-08-18","09:21:00","18:12:00","LATE"
281,14,"2026-08-19","09:18:00","18:27:00","PRESENT"
282,15,"2026-07-23","09:23:00","18:01:00","PRESENT"
283,15,"2026-07-24",NULL,NULL,"ABSENT"
284,15,"2026-07-27","09:26:00","18:28:00","PRESENT"
285,15,"2026-07-28",NULL,NULL,"ABSENT"
286,15,"2026-07-29","09:07:00","18:19:00","PRESENT"
287,15,"2026-07-30","09:07:00","18:20:00","PRESENT"
288,15,"2026-07-31","09:08:00","18:21:00","PRESENT"
289,15,"2026-08-03","09:24:00","18:21:00","PRESENT"
290,15,"2026-08-04","09:04:00","18:20:00","PRESENT"
291,15,"2026-08-05","09:20:00","18:20:00","PRESENT"
292,15,"2026-08-06","09:25:00","18:14:00","PRESENT"
293,15,"2026-08-07","09:11:00","18:23:00","PRESENT"
294,15,"2026-08-10","09:29:00","18:09:00","PRESENT"
295,15,"2026-08-11","09:13:00","18:05:00","PRESENT"
296,15,"2026-08-12","09:25:00","18:17:00","PRESENT"
297,15,"2026-08-13",NULL,NULL,"ABSENT"
298,15,"2026-08-14","09:16:00","18:29:00","PRESENT"
299,15,"2026-08-17","09:05:00","18:08:00","PRESENT"
300,15,"2026-08-18",NULL,NULL,"ABSENT"
301,15,"2026-08-19","09:30:00","18:25:00","LATE"
302,16,"2026-07-23","09:27:00","18:10:00","PRESENT"
303,16,"2026-07-24","09:14:00","18:30:00","PRESENT"
304,16,"2026-07-27","09:24:00","18:30:00","PRESENT"
305,16,"2026-07-28","09:21:00","18:23:00","PRESENT"
306,16,"2026-07-29","09:12:00","18:30:00","PRESENT"
307,16,"2026-07-30","09:17:00","18:11:00","PRESENT"
308,16,"2026-07-31","09:12:00","18:00:00","PRESENT"
309,16,"2026-08-03","09:03:00","18:14:00","PRESENT"
310,16,"2026-08-04","09:23:00","18:21:00","PRESENT"
311,16,"2026-08-05","09:12:00","18:26:00","PRESENT"
312,16,"2026-08-06","09:11:00","18:03:00","PRESENT"
313,16,"2026-08-07","09:15:00","18:00:00","PRESENT"
314,16,"2026-08-10","09:30:00","18:17:00","PRESENT"
315,16,"2026-08-11","09:19:00","18:07:00","PRESENT"
316,16,"2026-08-12","09:20:00","18:26:00","PRESENT"
317,16,"2026-08-13","09:22:00","18:09:00","PRESENT"
318,16,"2026-08-14","09:03:00","18:04:00","PRESENT"
319,16,"2026-08-17","09:01:00","18:09:00","PRESENT"
320,16,"2026-08-18","09:03:00","18:03:00","LATE"
321,16,"2026-08-19","09:17:00","18:04:00","PRESENT"
322,17,"2026-07-23","09:11:00","18:21:00","PRESENT"
323,17,"2026-07-24","09:22:00","18:30:00","LATE"
324,17,"2026-07-27","09:18:00","18:23:00","PRESENT"
325,17,"2026-07-28","09:28:00","18:13:00","PRESENT"
326,17,"2026-07-29","09:26:00","18:15:00","PRESENT"
327,17,"2026-07-30","09:30:00","18:30:00","PRESENT"
328,17,"2026-07-31","09:22:00","18:11:00","PRESENT"
329,17,"2026-08-03","09:14:00","18:30:00","PRESENT"
330,17,"2026-08-04","09:11:00","18:03:00","PRESENT"
331,17,"2026-08-05","09:11:00","18:17:00","LATE"
332,17,"2026-08-06",NULL,NULL,"ABSENT"
333,17,"2026-08-07","09:01:00","18:12:00","PRESENT"
334,17,"2026-08-10","09:30:00","18:03:00","PRESENT"
335,17,"2026-08-11","09:26:00","18:14:00","LATE"
336,17,"2026-08-12","09:06:00","18:20:00","PRESENT"
337,17,"2026-08-13","09:00:00","18:01:00","PRESENT"
338,17,"2026-08-14","09:07:00","18:04:00","PRESENT"
339,17,"2026-08-17","09:06:00","18:02:00","PRESENT"
340,17,"2026-08-18","09:17:00","18:06:00","PRESENT"
341,17,"2026-08-19","09:26:00","18:27:00","PRESENT"
342,18,"2026-07-23","09:24:00","18:04:00","PRESENT"
343,18,"2026-07-24","09:19:00","18:00:00","PRESENT"
344,18,"2026-07-27","09:04:00","18:04:00","PRESENT"
345,18,"2026-07-28","09:25:00","18:05:00","PRESENT"
346,18,"2026-07-29","09:27:00","18:00:00","PRESENT"
347,18,"2026-07-30","09:11:00","18:25:00","PRESENT"
348,18,"2026-07-31","09:18:00","18:10:00","PRESENT"
349,18,"2026-08-03","09:08:00","18:01:00","PRESENT"
350,18,"2026-08-04","09:13:00","18:16:00","PRESENT"
351,18,"2026-08-05","09:02:00","18:15:00","PRESENT"
352,18,"2026-08-06","09:11:00","18:16:00","PRESENT"
353,18,"2026-08-07","09:14:00","18:16:00","PRESENT"
354,18,"2026-08-10","09:19:00","18:01:00","PRESENT"
355,18,"2026-08-11","09:29:00","18:27:00","PRESENT"
356,18,"2026-08-12","09:09:00","18:14:00","PRESENT"
357,18,"2026-08-13","09:00:00","18:01:00","PRESENT"
358,18,"2026-08-14","09:27:00","18:12:00","LATE"
359,18,"2026-08-17","09:03:00","18:15:00","PRESENT"
360,18,"2026-08-18","09:14:00","18:02:00","PRESENT"
361,18,"2026-08-19",NULL,NULL,"ABSENT"
362,19,"2026-07-23","09:04:00","18:02:00","PRESENT"
363,19,"2026-07-24","09:19:00","18:20:00","PRESENT"
364,19,"2026-07-27","09:22:00","18:10:00","PRESENT"
365,19,"2026-07-28","09:19:00","18:16:00","PRESENT"
366,19,"2026-07-29","09:16:00","18:19:00","PRESENT"
367,19,"2026-07-30","09:25:00","18:22:00","PRESENT"
368,19,"2026-07-31","09:20:00","18:20:00","PRESENT"
369,19,"2026-08-03",NULL,NULL,"ABSENT"
370,19,"2026-08-04","09:27:00","18:06:00","PRESENT"
371,19,"2026-08-05","09:28:00","18:07:00","PRESENT"
372,19,"2026-08-06","09:26:00","18:14:00","PRESENT"
373,19,"2026-08-07","09:23:00","18:03:00","PRESENT"
374,19,"2026-08-10","09:10:00","18:21:00","PRESENT"
375,19,"2026-08-11","09:30:00","18:04:00","PRESENT"
376,19,"2026-08-12","09:15:00","18:02:00","PRESENT"
377,19,"2026-08-13","09:02:00","18:02:00","PRESENT"
378,19,"2026-08-14","09:23:00","18:23:00","PRESENT"
379,19,"2026-08-17","09:04:00","18:17:00","PRESENT"
380,19,"2026-08-18","09:30:00","18:17:00","PRESENT"
381,19,"2026-08-19","09:21:00","18:03:00","PRESENT"
382,20,"2026-07-23","09:27:00","18:21:00","PRESENT"
383,20,"2026-07-24","09:13:00","18:27:00","LATE"
384,20,"2026-07-27",NULL,NULL,"ABSENT"
385,20,"2026-07-28","09:09:00","18:19:00","PRESENT"
386,20,"2026-07-29","09:03:00","18:18:00","PRESENT"
387,20,"2026-07-30","09:04:00","18:21:00","PRESENT"
388,20,"2026-07-31","09:27:00","18:03:00","PRESENT"
389,20,"2026-08-03","09:17:00","18:11:00","PRESENT"
390,20,"2026-08-04","09:08:00","18:18:00","PRESENT"
391,20,"2026-08-05","09:13:00","18:27:00","PRESENT"
392,20,"2026-08-06","09:24:00","18:26:00","PRESENT"
393,20,"2026-08-07","09:21:00","18:20:00","PRESENT"
394,20,"2026-08-10","09:19:00","18:29:00","PRESENT"
395,20,"2026-08-11","09:22:00","18:08:00","PRESENT"
396,20,"2026-08-12","09:08:00","18:22:00","PRESENT"
397,20,"2026-08-13","09:29:00","18:10:00","PRESENT"
398,20,"2026-08-14","09:05:00","18:27:00","PRESENT"
399,20,"2026-08-17","09:21:00","18:12:00","PRESENT"
400,20,"2026-08-18","09:23:00","18:20:00","PRESENT"
401,20,"2026-08-19","09:02:00","18:23:00","LATE"
402,21,"2026-07-23","09:12:00","18:13:00","PRESENT"
403,21,"2026-07-24","09:05:00","18:11:00","PRESENT"
404,21,"2026-07-27","09:10:00","18:24:00","PRESENT"
405,21,"2026-07-28","09:19:00","18:02:00","LATE"
406,21,"2026-07-29",NULL,NULL,"ABSENT"
407,21,"2026-07-30","09:24:00","18:19:00","PRESENT"
408,21,"2026-07-31","09:02:00","18:08:00","PRESENT"
409,21,"2026-08-03","09:13:00","18:15:00","PRESENT"
410,21,"2026-08-04","09:13:00","18:08:00","PRESENT"
411,21,"2026-08-05","09:16:00","18:03:00","PRESENT"
412,21,"2026-08-06","09:03:00","18:09:00","PRESENT"
413,21,"2026-08-07","09:18:00","18:15:00","PRESENT"
414,21,"2026-08-10","09:09:00","18:01:00","PRESENT"
415,21,"2026-08-11","09:19:00","18:01:00","PRESENT"
416,21,"2026-08-12","09:09:00","18:30:00","PRESENT"
417,21,"2026-08-13","09:04:00","18:24:00","PRESENT"
418,21,"2026-08-14","09:10:00","18:03:00","PRESENT"
419,21,"2026-08-17","09:23:00","18:13:00","PRESENT"
420,21,"2026-08-18","09:12:00","18:17:00","PRESENT"
421,21,"2026-08-19","09:16:00","18:17:00","PRESENT"
422,22,"2026-07-23","09:25:00","18:11:00","PRESENT"
423,22,"2026-07-24","09:27:00","18:23:00","PRESENT"
424,22,"2026-07-27","09:00:00","18:14:00","PRESENT"
425,22,"2026-07-28",NULL,NULL,"ABSENT"
426,22,"2026-07-29",NULL,NULL,"ABSENT"
427,22,"2026-07-30","09:18:00","18:12:00","PRESENT"
428,22,"2026-07-31","09:13:00","18:09:00","PRESENT"
429,22,"2026-08-03","09:00:00","18:30:00","PRESENT"
430,22,"2026-08-04","09:25:00","18:30:00","PRESENT"
431,22,"2026-08-05","09:26:00","18:22:00","PRESENT"
432,22,"2026-08-06",NULL,NULL,"ABSENT"
433,22,"2026-08-07","09:27:00","18:03:00","PRESENT"
434,22,"2026-08-10","09:18:00","18:12:00","PRESENT"
435,22,"2026-08-11","09:12:00","18:27:00","PRESENT"
436,22,"2026-08-12","09:10:00","18:07:00","PRESENT"
437,22,"2026-08-13","09:05:00","18:02:00","PRESENT"
438,22,"2026-08-14","09:03:00","18:16:00","PRESENT"
439,22,"2026-08-17","09:28:00","18:24:00","PRESENT"
440,22,"2026-08-18","09:23:00","18:30:00","PRESENT"
441,22,"2026-08-19","09:26:00","18:04:00","PRESENT"
442,23,"2026-07-23","09:04:00","18:08:00","PRESENT"
443,23,"2026-07-24","09:19:00","18:04:00","PRESENT"
444,23,"2026-07-27","09:20:00","18:02:00","PRESENT"
445,23,"2026-07-28","09:24:00","18:20:00","PRESENT"
446,23,"2026-07-29","09:24:00","18:18:00","PRESENT"
447,23,"2026-07-30","09:14:00","18:21:00","PRESENT"
448,23,"2026-07-31",NULL,NULL,"ABSENT"
449,23,"2026-08-03","09:20:00","18:19:00","PRESENT"
450,23,"2026-08-04","09:20:00","18:10:00","PRESENT"
451,23,"2026-08-05","09:02:00","18:15:00","PRESENT"
452,23,"2026-08-06","09:09:00","18:25:00","PRESENT"
453,23,"2026-08-07","09:01:00","18:11:00","PRESENT"
454,23,"2026-08-10","09:09:00","18:14:00","PRESENT"
455,23,"2026-08-11","09:01:00","18:11:00","PRESENT"
456,23,"2026-08-12","09:02:00","18:20:00","PRESENT"
457,23,"2026-08-13",NULL,NULL,"ABSENT"
458,23,"2026-08-14",NULL,NULL,"ABSENT"
459,23,"2026-08-17","09:16:00","18:12:00","PRESENT"
460,23,"2026-08-18","09:17:00","18:30:00","PRESENT"
461,23,"2026-08-19","09:28:00","18:01:00","PRESENT"
462,24,"2026-07-23","09:25:00","18:18:00","PRESENT"
463,24,"2026-07-24","09:10:00","18:19:00","PRESENT"
464,24,"2026-07-27","09:04:00","18:30:00","PRESENT"
465,24,"2026-07-28","09:03:00","18:25:00","PRESENT"
466,24,"2026-07-29",NULL,NULL,"ABSENT"
467,24,"2026-07-30","09:22:00","18:02:00","PRESENT"
468,24,"2026-07-31","09:05:00","18:01:00","PRESENT"
469,24,"2026-08-03","09:14:00","18:14:00","PRESENT"
470,24,"2026-08-04","09:19:00","18:05:00","PRESENT"
471,24,"2026-08-05","09:29:00","18:09:00","PRESENT"
472,24,"2026-08-06","09:24:00","18:10:00","PRESENT"
473,24,"2026-08-07","09:01:00","18:25:00","PRESENT"
474,24,"2026-08-10","09:10:00","18:02:00","PRESENT"
475,24,"2026-08-11","09:17:00","18:21:00","PRESENT"
476,24,"2026-08-12","09:08:00","18:23:00","PRESENT"
477,24,"2026-08-13",NULL,NULL,"ABSENT"
478,24,"2026-08-14","09:19:00","18:27:00","LATE"
479,24,"2026-08-17","09:02:00","18:18:00","PRESENT"
480,24,"2026-08-18","09:29:00","18:11:00","PRESENT"
481,24,"2026-08-19","09:20:00","18:22:00","PRESENT"
482,25,"2026-07-23","09:04:00","18:19:00","PRESENT"
483,25,"2026-07-24","09:02:00","18:09:00","PRESENT"
484,25,"2026-07-27","09:20:00","18:25:00","PRESENT"
485,25,"2026-07-28","09:04:00","18:21:00","PRESENT"
486,25,"2026-07-29","09:30:00","18:23:00","PRESENT"
487,25,"2026-07-30","09:29:00","18:16:00","LATE"
488,25,"2026-07-31","09:21:00","18:13:00","PRESENT"
489,25,"2026-08-03","09:00:00","18:11:00","PRESENT"
490,25,"2026-08-04","09:30:00","18:06:00","PRESENT"
491,25,"2026-08-05","09:24:00","18:15:00","PRESENT"
492,25,"2026-08-06","09:04:00","18:04:00","PRESENT"
493,25,"2026-08-07","09:27:00","18:25:00","PRESENT"
494,25,"2026-08-10","09:24:00","18:17:00","PRESENT"
495,25,"2026-08-11","09:28:00","18:16:00","PRESENT"
496,25,"2026-08-12","09:10:00","18:28:00","PRESENT"
497,25,"2026-08-13","09:04:00","18:19:00","PRESENT"
498,25,"2026-08-14","09:05:00","18:05:00","PRESENT"
499,25,"2026-08-17","09:24:00","18:19:00","PRESENT"
500,25,"2026-08-18","09:05:00","18:23:00","PRESENT"
501,25,"2026-08-19","09:13:00","18:11:00","PRESENT"
502,26,"2026-07-23","09:07:00","18:14:00","PRESENT"
503,26,"2026-07-24","09:24:00","18:23:00","PRESENT"
504,26,"2026-07-27","09:07:00","18:17:00","PRESENT"
505,26,"2026-07-28","09:30:00","18:25:00","PRESENT"
506,26,"2026-07-29","09:28:00","18:26:00","PRESENT"
507,26,"2026-07-30","09:21:00","18:30:00","PRESENT"
508,26,"2026-07-31","09:14:00","18:14:00","PRESENT"
509,26,"2026-08-03","09:24:00","18:12:00","PRESENT"
510,26,"2026-08-04","09:13:00","18:30:00","PRESENT"
511,26,"2026-08-05","09:06:00","18:25:00","PRESENT"
512,26,"2026-08-06","09:27:00","18:08:00","PRESENT"
513,26,"2026-08-07","09:15:00","18:27:00","PRESENT"
514,26,"2026-08-10","09:29:00","18:03:00","PRESENT"
515,26,"2026-08-11","09:16:00","18:27:00","PRESENT"
516,26,"2026-08-12","09:02:00","18:24:00","PRESENT"
517,26,"2026-08-13","09:14:00","18:28:00","PRESENT"
518,26,"2026-08-14","09:26:00","18:13:00","PRESENT"
519,26,"2026-08-17","09:29:00","18:07:00","PRESENT"
520,26,"2026-08-18","09:28:00","18:11:00","PRESENT"
521,26,"2026-08-19","09:13:00","18:01:00","LATE"
522,27,"2026-07-23","09:11:00","18:07:00","PRESENT"
523,27,"2026-07-24","09:02:00","18:11:00","PRESENT"
524,27,"2026-07-27","09:10:00","18:29:00","PRESENT"
525,27,"2026-07-28","09:22:00","18:20:00","PRESENT"
526,27,"2026-07-29","09:04:00","18:04:00","PRESENT"
527,27,"2026-07-30","09:29:00","18:26:00","PRESENT"
528,27,"2026-07-31","09:26:00","18:04:00","PRESENT"
529,27,"2026-08-03","09:15:00","18:14:00","PRESENT"
530,27,"2026-08-04","09:28:00","18:02:00","PRESENT"
531,27,"2026-08-05","09:06:00","18:26:00","PRESENT"
532,27,"2026-08-06","09:30:00","18:23:00","PRESENT"
533,27,"2026-08-07","09:13:00","18:03:00","PRESENT"
534,27,"2026-08-10","09:07:00","18:09:00","PRESENT"
535,27,"2026-08-11","09:07:00","18:13:00","PRESENT"
536,27,"2026-08-12","09:19:00","18:14:00","PRESENT"
537,27,"2026-08-13","09:26:00","18:28:00","PRESENT"
538,27,"2026-08-14","09:17:00","18:00:00","PRESENT"
539,27,"2026-08-17","09:18:00","18:07:00","PRESENT"
540,27,"2026-08-18","09:09:00","18:13:00","PRESENT"
541,27,"2026-08-19","09:11:00","18:07:00","PRESENT"
542,28,"2026-07-23","09:05:00","18:21:00","PRESENT"
543,28,"2026-07-24","09:16:00","18:11:00","PRESENT"
544,28,"2026-07-27","09:16:00","18:17:00","PRESENT"
545,28,"2026-07-28","09:16:00","18:17:00","PRESENT"
546,28,"2026-07-29","09:27:00","18:15:00","PRESENT"
547,28,"2026-07-30","09:12:00","18:11:00","PRESENT"
548,28,"2026-07-31","09:00:00","18:11:00","PRESENT"
549,28,"2026-08-03","09:11:00","18:07:00","PRESENT"
550,28,"2026-08-04","09:20:00","18:03:00","PRESENT"
551,28,"2026-08-05","09:23:00","18:24:00","PRESENT"
552,28,"2026-08-06","09:01:00","18:11:00","PRESENT"
553,28,"2026-08-07","09:26:00","18:20:00","PRESENT"
554,28,"2026-08-10","09:24:00","18:21:00","PRESENT"
555,28,"2026-08-11","09:22:00","18:15:00","PRESENT"
556,28,"2026-08-12","09:25:00","18:04:00","PRESENT"
557,28,"2026-08-13","09:24:00","18:30:00","PRESENT"
558,28,"2026-08-14","09:09:00","18:06:00","PRESENT"
559,28,"2026-08-17","09:06:00","18:28:00","PRESENT"
560,28,"2026-08-18","09:29:00","18:09:00","PRESENT"
561,28,"2026-08-19","09:26:00","18:17:00","PRESENT"
562,29,"2026-07-23","09:01:00","18:24:00","PRESENT"
563,29,"2026-07-24","09:09:00","18:11:00","PRESENT"
564,29,"2026-07-27",NULL,NULL,"ABSENT"
565,29,"2026-07-28","09:20:00","18:10:00","PRESENT"
566,29,"2026-07-29","09:25:00","18:11:00","PRESENT"
567,29,"2026-07-30","09:12:00","18:23:00","PRESENT"
568,29,"2026-07-31","09:30:00","18:12:00","PRESENT"
569,29,"2026-08-03","09:05:00","18:15:00","PRESENT"
570,29,"2026-08-04","09:11:00","18:29:00","PRESENT"
571,29,"2026-08-05","09:08:00","18:25:00","PRESENT"
572,29,"2026-08-06","09:13:00","18:02:00","PRESENT"
573,29,"2026-08-07","09:26:00","18:05:00","PRESENT"
574,29,"2026-08-10","09:10:00","18:03:00","PRESENT"
575,29,"2026-08-11","09:21:00","18:09:00","PRESENT"
576,29,"2026-08-12","09:19:00","18:22:00","PRESENT"
577,29,"2026-08-13","09:22:00","18:14:00","PRESENT"
578,29,"2026-08-14","09:01:00","18:23:00","PRESENT"
579,29,"2026-08-17",NULL,NULL,"ABSENT"
580,29,"2026-08-18","09:13:00","18:08:00","PRESENT"
581,29,"2026-08-19","09:25:00","18:30:00","PRESENT"
582,30,"2026-07-23","09:21:00","18:20:00","PRESENT"
583,30,"2026-07-24","09:16:00","18:25:00","PRESENT"
584,30,"2026-07-27","09:05:00","18:30:00","PRESENT"
585,30,"2026-07-28","09:27:00","18:19:00","PRESENT"
586,30,"2026-07-29","09:14:00","18:01:00","PRESENT"
587,30,"2026-07-30","09:07:00","18:24:00","PRESENT"
588,30,"2026-07-31","09:11:00","18:12:00","PRESENT"
589,30,"2026-08-03","09:01:00","18:19:00","LATE"
590,30,"2026-08-04","09:14:00","18:30:00","PRESENT"
591,30,"2026-08-05","09:14:00","18:24:00","PRESENT"
592,30,"2026-08-06","09:04:00","18:16:00","PRESENT"
593,30,"2026-08-07","09:10:00","18:20:00","PRESENT"
594,30,"2026-08-10","09:30:00","18:03:00","PRESENT"
595,30,"2026-08-11","09:05:00","18:15:00","PRESENT"
596,30,"2026-08-12","09:29:00","18:17:00","PRESENT"
597,30,"2026-08-13","09:24:00","18:08:00","PRESENT"
598,30,"2026-08-14","09:06:00","18:19:00","PRESENT"
599,30,"2026-08-17","09:29:00","18:15:00","PRESENT"
600,30,"2026-08-18","09:04:00","18:27:00","PRESENT"
601,30,"2026-08-19","09:05:00","18:28:00","PRESENT"
602,31,"2026-07-23","09:02:00","18:25:00","PRESENT"
603,31,"2026-07-24","09:27:00","18:10:00","PRESENT"
604,31,"2026-07-27","09:22:00","18:02:00","PRESENT"
605,31,"2026-07-28","09:09:00","18:28:00","PRESENT"
606,31,"2026-07-29","09:05:00","18:22:00","PRESENT"
607,31,"2026-07-30","09:22:00","18:20:00","PRESENT"
608,31,"2026-07-31","09:11:00","18:16:00","PRESENT"
609,31,"2026-08-03","09:06:00","18:25:00","PRESENT"
610,31,"2026-08-04","09:25:00","18:15:00","PRESENT"
611,31,"2026-08-05","09:17:00","18:18:00","PRESENT"
612,31,"2026-08-06","09:25:00","18:17:00","PRESENT"
613,31,"2026-08-07","09:28:00","18:02:00","PRESENT"
614,31,"2026-08-10","09:12:00","18:22:00","PRESENT"
615,31,"2026-08-11","09:16:00","18:13:00","PRESENT"
616,31,"2026-08-12","09:26:00","18:18:00","PRESENT"
617,31,"2026-08-13","09:10:00","18:20:00","PRESENT"
618,31,"2026-08-14","09:14:00","18:21:00","PRESENT"
619,31,"2026-08-17","09:04:00","18:28:00","PRESENT"
620,31,"2026-08-18","09:17:00","18:20:00","PRESENT"
621,31,"2026-08-19","09:24:00","18:30:00","PRESENT"
622,32,"2026-07-23","09:16:00","18:29:00","PRESENT"
623,32,"2026-07-24",NULL,NULL,"ABSENT"
624,32,"2026-07-27","09:16:00","18:04:00","PRESENT"
625,32,"2026-07-28","09:05:00","18:10:00","PRESENT"
626,32,"2026-07-29","09:07:00","18:11:00","LATE"
627,32,"2026-07-30","09:16:00","18:28:00","LATE"
628,32,"2026-07-31","09:02:00","18:08:00","PRESENT"
629,32,"2026-08-03","09:30:00","18:17:00","PRESENT"
630,32,"2026-08-04","09:20:00","18:09:00","PRESENT"
631,32,"2026-08-05","09:02:00","18:16:00","PRESENT"
632,32,"2026-08-06","09:18:00","18:30:00","PRESENT"
633,32,"2026-08-07","09:05:00","18:21:00","PRESENT"
634,32,"2026-08-10","09:28:00","18:19:00","PRESENT"
635,32,"2026-08-11","09:29:00","18:18:00","PRESENT"
636,32,"2026-08-12","09:27:00","18:00:00","PRESENT"
637,32,"2026-08-13","09:30:00","18:20:00","PRESENT"
638,32,"2026-08-14","09:08:00","18:20:00","PRESENT"
639,32,"2026-08-17","09:18:00","18:13:00","PRESENT"
640,32,"2026-08-18","09:00:00","18:15:00","PRESENT"
641,32,"2026-08-19",NULL,NULL,"ABSENT"
642,33,"2026-07-23","09:20:00","18:30:00","PRESENT"
643,33,"2026-07-24","09:07:00","18:25:00","PRESENT"
644,33,"2026-07-27","09:12:00","18:09:00","PRESENT"
645,33,"2026-07-28","09:22:00","18:01:00","PRESENT"
646,33,"2026-07-29","09:13:00","18:15:00","PRESENT"
647,33,"2026-07-30","09:10:00","18:19:00","PRESENT"
648,33,"2026-07-31","09:27:00","18:22:00","PRESENT"
649,33,"2026-08-03","09:27:00","18:11:00","PRESENT"
650,33,"2026-08-04","09:04:00","18:24:00","LATE"
651,33,"2026-08-05","09:17:00","18:03:00","PRESENT"
652,33,"2026-08-06","09:14:00","18:03:00","PRESENT"
653,33,"2026-08-07","09:07:00","18:04:00","PRESENT"
654,33,"2026-08-10","09:09:00","18:30:00","PRESENT"
655,33,"2026-08-11","09:19:00","18:13:00","PRESENT"
656,33,"2026-08-12","09:27:00","18:28:00","PRESENT"
657,33,"2026-08-13","09:10:00","18:29:00","PRESENT"
658,33,"2026-08-14","09:10:00","18:06:00","PRESENT"
659,33,"2026-08-17","09:15:00","18:16:00","PRESENT"
660,33,"2026-08-18","09:28:00","18:09:00","PRESENT"
661,33,"2026-08-19","09:02:00","18:30:00","PRESENT"
662,34,"2026-07-23","09:14:00","18:30:00","PRESENT"
663,34,"2026-07-24","09:18:00","18:11:00","PRESENT"
664,34,"2026-07-27","09:09:00","18:15:00","PRESENT"
665,34,"2026-07-28","09:26:00","18:20:00","PRESENT"
666,34,"2026-07-29","09:09:00","18:17:00","PRESENT"
667,34,"2026-07-30","09:03:00","18:13:00","PRESENT"
668,34,"2026-07-31","09:08:00","18:23:00","PRESENT"
669,34,"2026-08-03","09:12:00","18:11:00","PRESENT"
670,34,"2026-08-04","09:01:00","18:18:00","PRESENT"
671,34,"2026-08-05","09:11:00","18:17:00","PRESENT"
672,34,"2026-08-06","09:12:00","18:16:00","PRESENT"
673,34,"2026-08-07","09:17:00","18:08:00","PRESENT"
674,34,"2026-08-10","09:19:00","18:21:00","PRESENT"
675,34,"2026-08-11","09:04:00","18:03:00","PRESENT"
676,34,"2026-08-12","09:25:00","18:10:00","PRESENT"
677,34,"2026-08-13","09:11:00","18:24:00","PRESENT"
678,34,"2026-08-14","09:19:00","18:16:00","PRESENT"
679,34,"2026-08-17","09:01:00","18:01:00","PRESENT"
680,34,"2026-08-18","09:22:00","18:10:00","PRESENT"
681,34,"2026-08-19","09:16:00","18:14:00","PRESENT"
682,35,"2026-07-23","09:28:00","18:16:00","PRESENT"
683,35,"2026-07-24","09:29:00","18:19:00","PRESENT"
684,35,"2026-07-27","09:12:00","18:19:00","PRESENT"
685,35,"2026-07-28","09:09:00","18:18:00","PRESENT"
686,35,"2026-07-29","09:26:00","18:16:00","PRESENT"
687,35,"2026-07-30","09:22:00","18:18:00","PRESENT"
688,35,"2026-07-31","09:26:00","18:00:00","PRESENT"
689,35,"2026-08-03","09:21:00","18:03:00","PRESENT"
690,35,"2026-08-04","09:18:00","18:09:00","LATE"
691,35,"2026-08-05","09:23:00","18:27:00","PRESENT"
692,35,"2026-08-06","09:00:00","18:19:00","PRESENT"
693,35,"2026-08-07","09:30:00","18:20:00","PRESENT"
694,35,"2026-08-10","09:24:00","18:18:00","PRESENT"
695,35,"2026-08-11","09:23:00","18:01:00","PRESENT"
696,35,"2026-08-12","09:05:00","18:16:00","PRESENT"
697,35,"2026-08-13","09:19:00","18:24:00","PRESENT"
698,35,"2026-08-14","09:04:00","18:26:00","PRESENT"
699,35,"2026-08-17","09:01:00","18:18:00","PRESENT"
700,35,"2026-08-18","09:03:00","18:06:00","LATE"
701,35,"2026-08-19","09:10:00","18:13:00","PRESENT"
702,36,"2026-07-23","09:22:00","18:06:00","PRESENT"
703,36,"2026-07-24","09:24:00","18:19:00","PRESENT"
704,36,"2026-07-27",NULL,NULL,"ABSENT"
705,36,"2026-07-28",NULL,NULL,"ABSENT"
706,36,"2026-07-29","09:01:00","18:22:00","PRESENT"
707,36,"2026-07-30","09:06:00","18:17:00","PRESENT"
708,36,"2026-07-31","09:21:00","18:15:00","PRESENT"
709,36,"2026-08-03","09:10:00","18:30:00","PRESENT"
710,36,"2026-08-04","09:29:00","18:17:00","PRESENT"
711,36,"2026-08-05","09:11:00","18:21:00","PRESENT"
712,36,"2026-08-06","09:23:00","18:21:00","PRESENT"
713,36,"2026-08-07","09:22:00","18:08:00","PRESENT"
714,36,"2026-08-10","09:06:00","18:30:00","PRESENT"
715,36,"2026-08-11","09:17:00","18:09:00","PRESENT"
716,36,"2026-08-12","09:09:00","18:24:00","PRESENT"
717,36,"2026-08-13","09:06:00","18:22:00","PRESENT"
718,36,"2026-08-14","09:10:00","18:15:00","PRESENT"
719,36,"2026-08-17","09:29:00","18:29:00","PRESENT"
720,36,"2026-08-18","09:08:00","18:09:00","PRESENT"
721,36,"2026-08-19","09:21:00","18:17:00","PRESENT"
722,37,"2026-07-23","09:12:00","18:26:00","PRESENT"
723,37,"2026-07-24","09:24:00","18:25:00","PRESENT"
724,37,"2026-07-27","09:01:00","18:09:00","PRESENT"
725,37,"2026-07-28","09:02:00","18:11:00","LATE"
726,37,"2026-07-29",NULL,NULL,"ABSENT"
727,37,"2026-07-30","09:23:00","18:15:00","PRESENT"
728,37,"2026-07-31","09:26:00","18:17:00","PRESENT"
729,37,"2026-08-03","09:17:00","18:22:00","PRESENT"
730,37,"2026-08-04","09:03:00","18:19:00","PRESENT"
731,37,"2026-08-05","09:07:00","18:07:00","PRESENT"
732,37,"2026-08-06","09:28:00","18:16:00","PRESENT"
733,37,"2026-08-07","09:07:00","18:01:00","PRESENT"
734,37,"2026-08-10","09:10:00","18:22:00","PRESENT"
735,37,"2026-08-11","09:21:00","18:24:00","PRESENT"
736,37,"2026-08-12","09:30:00","18:17:00","PRESENT"
737,37,"2026-08-13","09:05:00","18:13:00","LATE"
738,37,"2026-08-14","09:28:00","18:28:00","PRESENT"
739,37,"2026-08-17","09:20:00","18:06:00","PRESENT"
740,37,"2026-08-18","09:09:00","18:10:00","PRESENT"
741,37,"2026-08-19","09:01:00","18:29:00","PRESENT"
742,38,"2026-07-23","09:20:00","18:18:00","PRESENT"
743,38,"2026-07-24","09:23:00","18:23:00","PRESENT"
744,38,"2026-07-27",NULL,NULL,"ABSENT"
745,38,"2026-07-28","09:29:00","18:05:00","PRESENT"
746,38,"2026-07-29","09:26:00","18:05:00","PRESENT"
747,38,"2026-07-30","09:01:00","18:26:00","LATE"
748,38,"2026-07-31","09:15:00","18:05:00","PRESENT"
749,38,"2026-08-03","09:30:00","18:27:00","LATE"
750,38,"2026-08-04",NULL,NULL,"ABSENT"
751,38,"2026-08-05",NULL,NULL,"ABSENT"
752,38,"2026-08-06","09:18:00","18:19:00","PRESENT"
753,38,"2026-08-07","09:10:00","18:09:00","PRESENT"
754,38,"2026-08-10","09:20:00","18:17:00","PRESENT"
755,38,"2026-08-11","09:28:00","18:30:00","PRESENT"
756,38,"2026-08-12","09:16:00","18:14:00","PRESENT"
757,38,"2026-08-13","09:25:00","18:03:00","PRESENT"
758,38,"2026-08-14","09:23:00","18:14:00","PRESENT"
759,38,"2026-08-17","09:22:00","18:05:00","PRESENT"
760,38,"2026-08-18","09:10:00","18:25:00","PRESENT"
761,38,"2026-08-19","09:21:00","18:24:00","PRESENT"
762,39,"2026-07-23","09:19:00","18:27:00","PRESENT"
763,39,"2026-07-24","09:12:00","18:26:00","PRESENT"
764,39,"2026-07-27","09:10:00","18:02:00","PRESENT"
765,39,"2026-07-28","09:03:00","18:05:00","PRESENT"
766,39,"2026-07-29","09:15:00","18:10:00","LATE"
767,39,"2026-07-30","09:00:00","18:08:00","LATE"
768,39,"2026-07-31","09:14:00","18:24:00","PRESENT"
769,39,"2026-08-03","09:10:00","18:09:00","PRESENT"
770,39,"2026-08-04","09:18:00","18:00:00","PRESENT"
771,39,"2026-08-05","09:11:00","18:22:00","PRESENT"
772,39,"2026-08-06","09:21:00","18:03:00","PRESENT"
773,39,"2026-08-07","09:05:00","18:12:00","PRESENT"
774,39,"2026-08-10","09:29:00","18:28:00","PRESENT"
775,39,"2026-08-11",NULL,NULL,"ABSENT"
776,39,"2026-08-12","09:22:00","18:03:00","PRESENT"
777,39,"2026-08-13","09:30:00","18:09:00","PRESENT"
778,39,"2026-08-14","09:07:00","18:07:00","PRESENT"
779,39,"2026-08-17","09:15:00","18:04:00","LATE"
780,39,"2026-08-18","09:19:00","18:11:00","PRESENT"
781,39,"2026-08-19","09:17:00","18:29:00","PRESENT"
782,40,"2026-07-23","09:17:00","18:25:00","PRESENT"
783,40,"2026-07-24","09:06:00","18:24:00","PRESENT"
784,40,"2026-07-27","09:24:00","18:19:00","PRESENT"
785,40,"2026-07-28",NULL,NULL,"ABSENT"
786,40,"2026-07-29","09:14:00","18:16:00","PRESENT"
787,40,"2026-07-30","09:02:00","18:29:00","PRESENT"
788,40,"2026-07-31","09:01:00","18:26:00","PRESENT"
789,40,"2026-08-03","09:16:00","18:06:00","PRESENT"
790,40,"2026-08-04","09:04:00","18:05:00","PRESENT"
791,40,"2026-08-05","09:16:00","18:14:00","PRESENT"
792,40,"2026-08-06","09:06:00","18:22:00","PRESENT"
793,40,"2026-08-07","09:02:00","18:28:00","PRESENT"
794,40,"2026-08-10","09:25:00","18:01:00","PRESENT"
795,40,"2026-08-11","09:16:00","18:13:00","PRESENT"
796,40,"2026-08-12","09:01:00","18:17:00","PRESENT"
797,40,"2026-08-13","09:25:00","18:09:00","PRESENT"
798,40,"2026-08-14","09:12:00","18:08:00","PRESENT"
799,40,"2026-08-17","09:23:00","18:06:00","PRESENT"
800,40,"2026-08-18","09:01:00","18:13:00","PRESENT"
801,40,"2026-08-19","09:02:00","18:17:00","PRESENT"
802,41,"2026-07-23","09:29:00","18:28:00","LATE"
803,41,"2026-07-24","09:29:00","18:15:00","PRESENT"
804,41,"2026-07-27","09:13:00","18:05:00","PRESENT"
805,41,"2026-07-28","09:24:00","18:20:00","PRESENT"
806,41,"2026-07-29","09:20:00","18:30:00","LATE"
807,41,"2026-07-30","09:28:00","18:12:00","PRESENT"
808,41,"2026-07-31","09:29:00","18:29:00","PRESENT"
809,41,"2026-08-03","09:02:00","18:21:00","PRESENT"
810,41,"2026-08-04","09:27:00","18:17:00","LATE"
811,41,"2026-08-05","09:27:00","18:11:00","PRESENT"
812,41,"2026-08-06","09:17:00","18:12:00","PRESENT"
813,41,"2026-08-07","09:23:00","18:07:00","PRESENT"
814,41,"2026-08-10","09:24:00","18:00:00","PRESENT"
815,41,"2026-08-11","09:14:00","18:21:00","LATE"
816,41,"2026-08-12","09:13:00","18:17:00","PRESENT"
817,41,"2026-08-13","09:07:00","18:07:00","PRESENT"
818,41,"2026-08-14","09:04:00","18:08:00","PRESENT"
819,41,"2026-08-17","09:28:00","18:23:00","PRESENT"
820,41,"2026-08-18","09:01:00","18:25:00","PRESENT"
821,41,"2026-08-19","09:19:00","18:24:00","PRESENT"
822,42,"2026-07-23","09:28:00","18:00:00","LATE"
823,42,"2026-07-24","09:02:00","18:03:00","PRESENT"
824,42,"2026-07-27","09:14:00","18:19:00","PRESENT"
825,42,"2026-07-28","09:27:00","18:01:00","PRESENT"
826,42,"2026-07-29","09:01:00","18:12:00","PRESENT"
827,42,"2026-07-30","09:17:00","18:06:00","PRESENT"
828,42,"2026-07-31","09:24:00","18:01:00","PRESENT"
829,42,"2026-08-03","09:09:00","18:07:00","PRESENT"
830,42,"2026-08-04","09:23:00","18:18:00","PRESENT"
831,42,"2026-08-05","09:19:00","18:24:00","PRESENT"
832,42,"2026-08-06","09:10:00","18:07:00","PRESENT"
833,42,"2026-08-07","09:04:00","18:21:00","PRESENT"
834,42,"2026-08-10","09:13:00","18:09:00","PRESENT"
835,42,"2026-08-11","09:17:00","18:30:00","PRESENT"
836,42,"2026-08-12","09:23:00","18:29:00","PRESENT"
837,42,"2026-08-13","09:21:00","18:13:00","PRESENT"
838,42,"2026-08-14","09:01:00","18:11:00","PRESENT"
839,42,"2026-08-17","09:21:00","18:12:00","LATE"
840,42,"2026-08-18","09:10:00","18:22:00","PRESENT"
841,42,"2026-08-19","09:04:00","18:09:00","PRESENT"
842,43,"2026-07-23","09:24:00","18:17:00","PRESENT"
843,43,"2026-07-24","09:27:00","18:07:00","PRESENT"
844,43,"2026-07-27","09:22:00","18:04:00","PRESENT"
845,43,"2026-07-28","09:29:00","18:01:00","PRESENT"
846,43,"2026-07-29","09:30:00","18:13:00","PRESENT"
847,43,"2026-07-30","09:04:00","18:12:00","PRESENT"
848,43,"2026-07-31","09:06:00","18:10:00","PRESENT"
849,43,"2026-08-03","09:29:00","18:14:00","PRESENT"
850,43,"2026-08-04","09:02:00","18:17:00","PRESENT"
851,43,"2026-08-05","09:06:00","18:01:00","PRESENT"
852,43,"2026-08-06","09:21:00","18:19:00","PRESENT"
853,43,"2026-08-07","09:27:00","18:02:00","PRESENT"
854,43,"2026-08-10","09:24:00","18:18:00","PRESENT"
855,43,"2026-08-11","09:17:00","18:06:00","PRESENT"
856,43,"2026-08-12","09:27:00","18:29:00","PRESENT"
857,43,"2026-08-13","09:30:00","18:29:00","PRESENT"
858,43,"2026-08-14","09:29:00","18:06:00","PRESENT"
859,43,"2026-08-17","09:03:00","18:23:00","LATE"
860,43,"2026-08-18","09:15:00","18:29:00","LATE"
861,43,"2026-08-19","09:19:00","18:22:00","PRESENT"
862,44,"2026-07-23","09:29:00","18:07:00","PRESENT"
863,44,"2026-07-24","09:24:00","18:09:00","PRESENT"
864,44,"2026-07-27","09:17:00","18:20:00","PRESENT"
865,44,"2026-07-28","09:08:00","18:11:00","PRESENT"
866,44,"2026-07-29","09:15:00","18:14:00","PRESENT"
867,44,"2026-07-30","09:23:00","18:15:00","PRESENT"
868,44,"2026-07-31","09:10:00","18:29:00","PRESENT"
869,44,"2026-08-03","09:10:00","18:13:00","PRESENT"
870,44,"2026-08-04","09:27:00","18:07:00","PRESENT"
871,44,"2026-08-05","09:00:00","18:08:00","PRESENT"
872,44,"2026-08-06","09:18:00","18:18:00","PRESENT"
873,44,"2026-08-07","09:09:00","18:04:00","PRESENT"
874,44,"2026-08-10","09:07:00","18:12:00","PRESENT"
875,44,"2026-08-11","09:07:00","18:15:00","PRESENT"
876,44,"2026-08-12","09:30:00","18:21:00","PRESENT"
877,44,"2026-08-13","09:24:00","18:26:00","PRESENT"
878,44,"2026-08-14","09:23:00","18:20:00","PRESENT"
879,44,"2026-08-17","09:14:00","18:05:00","PRESENT"
880,44,"2026-08-18","09:11:00","18:05:00","PRESENT"
881,44,"2026-08-19","09:17:00","18:15:00","PRESENT"
882,45,"2026-07-23","09:28:00","18:17:00","PRESENT"
883,45,"2026-07-24","09:30:00","18:01:00","LATE"
884,45,"2026-07-27","09:26:00","18:27:00","PRESENT"
885,45,"2026-07-28","09:26:00","18:21:00","PRESENT"
886,45,"2026-07-29","09:00:00","18:13:00","PRESENT"
887,45,"2026-07-30","09:20:00","18:07:00","PRESENT"
888,45,"2026-07-31","09:04:00","18:00:00","PRESENT"
889,45,"2026-08-03","09:14:00","18:11:00","PRESENT"
890,45,"2026-08-04","09:20:00","18:21:00","PRESENT"
891,45,"2026-08-05","09:29:00","18:15:00","LATE"
892,45,"2026-08-06","09:00:00","18:00:00","PRESENT"
893,45,"2026-08-07","09:13:00","18:00:00","PRESENT"
894,45,"2026-08-10","09:23:00","18:08:00","PRESENT"
895,45,"2026-08-11","09:09:00","18:00:00","PRESENT"
896,45,"2026-08-12","09:22:00","18:21:00","PRESENT"
897,45,"2026-08-13","09:30:00","18:29:00","PRESENT"
898,45,"2026-08-14","09:29:00","18:03:00","PRESENT"
899,45,"2026-08-17","09:07:00","18:06:00","PRESENT"
900,45,"2026-08-18","09:08:00","18:26:00","PRESENT"
901,45,"2026-08-19","09:25:00","18:12:00","PRESENT"
902,46,"2026-07-23","09:30:00","18:12:00","PRESENT"
903,46,"2026-07-24","09:07:00","18:22:00","PRESENT"
904,46,"2026-07-27","09:21:00","18:26:00","PRESENT"
905,46,"2026-07-28","09:20:00","18:27:00","PRESENT"
906,46,"2026-07-29","09:01:00","18:02:00","PRESENT"
907,46,"2026-07-30","09:12:00","18:17:00","PRESENT"
908,46,"2026-07-31","09:20:00","18:00:00","PRESENT"
909,46,"2026-08-03","09:02:00","18:15:00","PRESENT"
910,46,"2026-08-04","09:20:00","18:25:00","PRESENT"
911,46,"2026-08-05","09:27:00","18:03:00","PRESENT"
912,46,"2026-08-06",NULL,NULL,"ABSENT"
913,46,"2026-08-07",NULL,NULL,"ABSENT"
914,46,"2026-08-10","09:28:00","18:27:00","PRESENT"
915,46,"2026-08-11","09:18:00","18:15:00","PRESENT"
916,46,"2026-08-12","09:29:00","18:02:00","PRESENT"
917,46,"2026-08-13","09:08:00","18:28:00","PRESENT"
918,46,"2026-08-14","09:21:00","18:01:00","PRESENT"
919,46,"2026-08-17","09:27:00","18:10:00","PRESENT"
920,46,"2026-08-18","09:06:00","18:18:00","PRESENT"
921,46,"2026-08-19","09:26:00","18:22:00","PRESENT"
922,47,"2026-07-23","09:29:00","18:02:00","PRESENT"
923,47,"2026-07-24","09:18:00","18:07:00","PRESENT"
924,47,"2026-07-27","09:27:00","18:12:00","PRESENT"
925,47,"2026-07-28","09:17:00","18:10:00","PRESENT"
926,47,"2026-07-29","09:23:00","18:04:00","PRESENT"
927,47,"2026-07-30","09:22:00","18:23:00","PRESENT"
928,47,"2026-07-31","09:23:00","18:11:00","PRESENT"
929,47,"2026-08-03","09:13:00","18:07:00","PRESENT"
930,47,"2026-08-04","09:10:00","18:19:00","PRESENT"
931,47,"2026-08-05","09:30:00","18:19:00","PRESENT"
932,47,"2026-08-06","09:24:00","18:10:00","PRESENT"
933,47,"2026-08-07","09:08:00","18:25:00","PRESENT"
934,47,"2026-08-10","09:15:00","18:07:00","LATE"
935,47,"2026-08-11","09:30:00","18:12:00","PRESENT"
936,47,"2026-08-12","09:21:00","18:18:00","PRESENT"
937,47,"2026-08-13","09:02:00","18:24:00","PRESENT"
938,47,"2026-08-14","09:25:00","18:07:00","PRESENT"
939,47,"2026-08-17","09:02:00","18:08:00","PRESENT"
940,47,"2026-08-18","09:22:00","18:25:00","PRESENT"
941,47,"2026-08-19","09:23:00","18:12:00","PRESENT"
942,48,"2026-07-23","09:03:00","18:02:00","PRESENT"
943,48,"2026-07-24","09:09:00","18:14:00","PRESENT"
944,48,"2026-07-27","09:08:00","18:03:00","PRESENT"
945,48,"2026-07-28","09:05:00","18:13:00","PRESENT"
946,48,"2026-07-29","09:17:00","18:16:00","PRESENT"
947,48,"2026-07-30","09:00:00","18:02:00","PRESENT"
948,48,"2026-07-31","09:02:00","18:19:00","PRESENT"
949,48,"2026-08-03","09:10:00","18:27:00","PRESENT"
950,48,"2026-08-04","09:09:00","18:13:00","PRESENT"
951,48,"2026-08-05","09:02:00","18:23:00","PRESENT"
952,48,"2026-08-06",NULL,NULL,"ABSENT"
953,48,"2026-08-07",NULL,NULL,"ABSENT"
954,48,"2026-08-10","09:18:00","18:16:00","LATE"
955,48,"2026-08-11","09:12:00","18:05:00","PRESENT"
956,48,"2026-08-12","09:09:00","18:08:00","PRESENT"
957,48,"2026-08-13","09:02:00","18:05:00","PRESENT"
958,48,"2026-08-14","09:13:00","18:09:00","PRESENT"
959,48,"2026-08-17","09:02:00","18:11:00","PRESENT"
960,48,"2026-08-18","09:07:00","18:23:00","PRESENT"
961,48,"2026-08-19","09:19:00","18:19:00","PRESENT"
962,49,"2026-07-23","09:03:00","18:04:00","PRESENT"
963,49,"2026-07-24","09:30:00","18:12:00","PRESENT"
964,49,"2026-07-27","09:19:00","18:12:00","PRESENT"
965,49,"2026-07-28","09:10:00","18:14:00","PRESENT"
966,49,"2026-07-29","09:26:00","18:26:00","PRESENT"
967,49,"2026-07-30",NULL,NULL,"ABSENT"
968,49,"2026-07-31","09:04:00","18:09:00","LATE"
969,49,"2026-08-03","09:30:00","18:22:00","PRESENT"
970,49,"2026-08-04","09:10:00","18:05:00","PRESENT"
971,49,"2026-08-05","09:30:00","18:10:00","LATE"
972,49,"2026-08-06","09:22:00","18:20:00","PRESENT"
973,49,"2026-08-07","09:18:00","18:25:00","PRESENT"
974,49,"2026-08-10","09:12:00","18:08:00","PRESENT"
975,49,"2026-08-11","09:12:00","18:11:00","PRESENT"
976,49,"2026-08-12","09:18:00","18:06:00","PRESENT"
977,49,"2026-08-13","09:17:00","18:05:00","PRESENT"
978,49,"2026-08-14","09:17:00","18:00:00","PRESENT"
979,49,"2026-08-17","09:14:00","18:30:00","LATE"
980,49,"2026-08-18","09:14:00","18:25:00","PRESENT"
981,49,"2026-08-19","09:22:00","18:02:00","PRESENT"
982,50,"2026-07-23","09:25:00","18:25:00","PRESENT"
983,50,"2026-07-24","09:15:00","18:04:00","PRESENT"
984,50,"2026-07-27","09:07:00","18:08:00","PRESENT"
985,50,"2026-07-28","09:22:00","18:13:00","PRESENT"
986,50,"2026-07-29","09:02:00","18:14:00","PRESENT"
987,50,"2026-07-30","09:15:00","18:18:00","LATE"
988,50,"2026-07-31","09:16:00","18:29:00","PRESENT"
989,50,"2026-08-03",NULL,NULL,"ABSENT"
990,50,"2026-08-04","09:17:00","18:01:00","PRESENT"
991,50,"2026-08-05","09:11:00","18:22:00","PRESENT"
992,50,"2026-08-06",NULL,NULL,"ABSENT"
993,50,"2026-08-07","09:20:00","18:29:00","PRESENT"
994,50,"2026-08-10","09:24:00","18:07:00","PRESENT"
995,50,"2026-08-11","09:11:00","18:05:00","PRESENT"
996,50,"2026-08-12","09:01:00","18:18:00","PRESENT"
997,50,"2026-08-13","09:21:00","18:20:00","LATE"
998,50,"2026-08-14","09:24:00","18:10:00","PRESENT"
999,50,"2026-08-17","09:13:00","18:03:00","LATE"
1000,50,"2026-08-18","09:08:00","18:07:00","PRESENT"
1001,50,"2026-08-19","09:16:00","18:17:00","PRESENT"
1002,51,"2026-07-23","09:18:00","18:07:00","PRESENT"
1003,51,"2026-07-24","09:12:00","18:14:00","PRESENT"
1004,51,"2026-07-27","09:18:00","18:22:00","PRESENT"
1005,51,"2026-07-28","09:11:00","18:00:00","PRESENT"
1006,51,"2026-07-29","09:09:00","18:13:00","PRESENT"
1007,51,"2026-07-30",NULL,NULL,"ABSENT"
1008,51,"2026-07-31","09:26:00","18:30:00","PRESENT"
1009,51,"2026-08-03","09:11:00","18:09:00","PRESENT"
1010,51,"2026-08-04","09:25:00","18:06:00","PRESENT"
1011,51,"2026-08-05","09:11:00","18:15:00","PRESENT"
1012,51,"2026-08-06","09:23:00","18:22:00","PRESENT"
1013,51,"2026-08-07","09:02:00","18:09:00","PRESENT"
1014,51,"2026-08-10","09:22:00","18:03:00","PRESENT"
1015,51,"2026-08-11","09:10:00","18:20:00","PRESENT"
1016,51,"2026-08-12","09:25:00","18:05:00","PRESENT"
1017,51,"2026-08-13",NULL,NULL,"ABSENT"
1018,51,"2026-08-14","09:16:00","18:05:00","PRESENT"
1019,51,"2026-08-17","09:10:00","18:17:00","PRESENT"
1020,51,"2026-08-18","09:14:00","18:07:00","PRESENT"
1021,51,"2026-08-19","09:20:00","18:05:00","PRESENT"
1022,52,"2026-07-23","09:21:00","18:13:00","PRESENT"
1023,52,"2026-07-24","09:23:00","18:19:00","PRESENT"
1024,52,"2026-07-27",NULL,NULL,"ABSENT"
1025,52,"2026-07-28","09:13:00","18:12:00","PRESENT"
1026,52,"2026-07-29","09:06:00","18:06:00","PRESENT"
1027,52,"2026-07-30","09:22:00","18:25:00","PRESENT"
1028,52,"2026-07-31","09:18:00","18:03:00","PRESENT"
1029,52,"2026-08-03","09:17:00","18:05:00","PRESENT"
1030,52,"2026-08-04","09:06:00","18:14:00","PRESENT"
1031,52,"2026-08-05","09:21:00","18:27:00","PRESENT"
1032,52,"2026-08-06","09:30:00","18:20:00","PRESENT"
1033,52,"2026-08-07","09:12:00","18:19:00","PRESENT"
1034,52,"2026-08-10","09:03:00","18:11:00","PRESENT"
1035,52,"2026-08-11","09:14:00","18:19:00","PRESENT"
1036,52,"2026-08-12","09:21:00","18:22:00","PRESENT"
1037,52,"2026-08-13","09:29:00","18:19:00","PRESENT"
1038,52,"2026-08-14","09:21:00","18:04:00","PRESENT"
1039,52,"2026-08-17","09:07:00","18:09:00","PRESENT"
1040,52,"2026-08-18","09:11:00","18:22:00","PRESENT"
1041,52,"2026-08-19","09:12:00","18:13:00","PRESENT"
1042,53,"2026-07-23","09:18:00","18:12:00","PRESENT"
1043,53,"2026-07-24","09:15:00","18:20:00","PRESENT"
1044,53,"2026-07-27","09:29:00","18:20:00","PRESENT"
1045,53,"2026-07-28","09:05:00","18:17:00","LATE"
1046,53,"2026-07-29","09:09:00","18:04:00","PRESENT"
1047,53,"2026-07-30","09:26:00","18:14:00","PRESENT"
1048,53,"2026-07-31","09:27:00","18:11:00","PRESENT"
1049,53,"2026-08-03","09:15:00","18:04:00","LATE"
1050,53,"2026-08-04","09:12:00","18:30:00","PRESENT"
1051,53,"2026-08-05","09:20:00","18:15:00","PRESENT"
1052,53,"2026-08-06","09:15:00","18:13:00","PRESENT"
1053,53,"2026-08-07","09:14:00","18:15:00","PRESENT"
1054,53,"2026-08-10","09:18:00","18:00:00","PRESENT"
1055,53,"2026-08-11","09:07:00","18:09:00","PRESENT"
1056,53,"2026-08-12","09:07:00","18:17:00","PRESENT"
1057,53,"2026-08-13","09:24:00","18:14:00","PRESENT"
1058,53,"2026-08-14","09:24:00","18:24:00","PRESENT"
1059,53,"2026-08-17","09:16:00","18:03:00","PRESENT"
1060,53,"2026-08-18","09:08:00","18:24:00","PRESENT"
1061,53,"2026-08-19","09:11:00","18:17:00","PRESENT"
1062,54,"2026-07-23","09:01:00","18:24:00","PRESENT"
1063,54,"2026-07-24","09:17:00","18:06:00","PRESENT"
1064,54,"2026-07-27","09:03:00","18:23:00","LATE"
1065,54,"2026-07-28","09:24:00","18:07:00","PRESENT"
1066,54,"2026-07-29","09:01:00","18:14:00","PRESENT"
1067,54,"2026-07-30","09:27:00","18:26:00","PRESENT"
1068,54,"2026-07-31","09:27:00","18:03:00","PRESENT"
1069,54,"2026-08-03","09:07:00","18:06:00","PRESENT"
1070,54,"2026-08-04","09:18:00","18:22:00","PRESENT"
1071,54,"2026-08-05","09:22:00","18:19:00","PRESENT"
1072,54,"2026-08-06","09:05:00","18:19:00","PRESENT"
1073,54,"2026-08-07","09:06:00","18:26:00","PRESENT"
1074,54,"2026-08-10","09:01:00","18:18:00","PRESENT"
1075,54,"2026-08-11","09:08:00","18:19:00","PRESENT"
1076,54,"2026-08-12","09:10:00","18:22:00","PRESENT"
1077,54,"2026-08-13","09:18:00","18:08:00","PRESENT"
1078,54,"2026-08-14","09:16:00","18:28:00","LATE"
1079,54,"2026-08-17","09:03:00","18:04:00","PRESENT"
1080,54,"2026-08-18","09:25:00","18:13:00","LATE"
1081,54,"2026-08-19",NULL,NULL,"ABSENT"
1082,55,"2026-07-23","09:27:00","18:20:00","LATE"
1083,55,"2026-07-24","09:27:00","18:04:00","PRESENT"
1084,55,"2026-07-27","09:22:00","18:10:00","PRESENT"
1085,55,"2026-07-28","09:24:00","18:26:00","PRESENT"
1086,55,"2026-07-29","09:15:00","18:04:00","PRESENT"
1087,55,"2026-07-30","09:08:00","18:20:00","PRESENT"
1088,55,"2026-07-31","09:14:00","18:02:00","PRESENT"
1089,55,"2026-08-03","09:28:00","18:24:00","PRESENT"
1090,55,"2026-08-04","09:16:00","18:23:00","PRESENT"
1091,55,"2026-08-05","09:29:00","18:28:00","PRESENT"
1092,55,"2026-08-06","09:30:00","18:15:00","PRESENT"
1093,55,"2026-08-07","09:00:00","18:27:00","PRESENT"
1094,55,"2026-08-10","09:23:00","18:02:00","PRESENT"
1095,55,"2026-08-11","09:14:00","18:20:00","PRESENT"
1096,55,"2026-08-12","09:11:00","18:27:00","PRESENT"
1097,55,"2026-08-13","09:17:00","18:12:00","PRESENT"
1098,55,"2026-08-14","09:13:00","18:26:00","PRESENT"
1099,55,"2026-08-17","09:08:00","18:10:00","PRESENT"
1100,55,"2026-08-18","09:10:00","18:17:00","PRESENT"
1101,55,"2026-08-19","09:18:00","18:27:00","PRESENT"
1102,56,"2026-07-23","09:10:00","18:28:00","PRESENT"
1103,56,"2026-07-24","09:01:00","18:01:00","PRESENT"
1104,56,"2026-07-27","09:25:00","18:26:00","PRESENT"
1105,56,"2026-07-28","09:03:00","18:29:00","PRESENT"
1106,56,"2026-07-29",NULL,NULL,"ABSENT"
1107,56,"2026-07-30","09:00:00","18:30:00","PRESENT"
1108,56,"2026-07-31","09:22:00","18:29:00","PRESENT"
1109,56,"2026-08-03","09:20:00","18:09:00","PRESENT"
1110,56,"2026-08-04","09:29:00","18:28:00","PRESENT"
1111,56,"2026-08-05","09:20:00","18:11:00","PRESENT"
1112,56,"2026-08-06","09:11:00","18:21:00","PRESENT"
1113,56,"2026-08-07",NULL,NULL,"ABSENT"
1114,56,"2026-08-10","09:12:00","18:20:00","PRESENT"
1115,56,"2026-08-11","09:22:00","18:24:00","PRESENT"
1116,56,"2026-08-12","09:20:00","18:02:00","PRESENT"
1117,56,"2026-08-13","09:00:00","18:06:00","PRESENT"
1118,56,"2026-08-14","09:04:00","18:18:00","PRESENT"
1119,56,"2026-08-17","09:21:00","18:14:00","PRESENT"
1120,56,"2026-08-18","09:22:00","18:10:00","PRESENT"
1121,56,"2026-08-19","09:27:00","18:13:00","PRESENT"
1122,57,"2026-07-23","09:15:00","18:02:00","PRESENT"
1123,57,"2026-07-24","09:02:00","18:23:00","PRESENT"
1124,57,"2026-07-27","09:03:00","18:10:00","PRESENT"
1125,57,"2026-07-28","09:09:00","18:04:00","PRESENT"
1126,57,"2026-07-29","09:26:00","18:24:00","PRESENT"
1127,57,"2026-07-30",NULL,NULL,"ABSENT"
1128,57,"2026-07-31","09:21:00","18:04:00","PRESENT"
1129,57,"2026-08-03","09:18:00","18:00:00","PRESENT"
1130,57,"2026-08-04","09:05:00","18:14:00","PRESENT"
1131,57,"2026-08-05","09:06:00","18:20:00","PRESENT"
1132,57,"2026-08-06","09:29:00","18:13:00","PRESENT"
1133,57,"2026-08-07","09:14:00","18:27:00","PRESENT"
1134,57,"2026-08-10","09:28:00","18:03:00","PRESENT"
1135,57,"2026-08-11","09:03:00","18:18:00","PRESENT"
1136,57,"2026-08-12","09:11:00","18:30:00","PRESENT"
1137,57,"2026-08-13","09:25:00","18:04:00","PRESENT"
1138,57,"2026-08-14","09:20:00","18:02:00","PRESENT"
1139,57,"2026-08-17","09:19:00","18:19:00","PRESENT"
1140,57,"2026-08-18","09:09:00","18:24:00","PRESENT"
1141,57,"2026-08-19","09:00:00","18:27:00","LATE"
1142,58,"2026-07-23","09:28:00","18:09:00","PRESENT"
1143,58,"2026-07-24","09:19:00","18:16:00","PRESENT"
1144,58,"2026-07-27","09:12:00","18:09:00","PRESENT"
1145,58,"2026-07-28","09:25:00","18:28:00","PRESENT"
1146,58,"2026-07-29","09:07:00","18:15:00","PRESENT"
1147,58,"2026-07-30","09:07:00","18:15:00","PRESENT"
1148,58,"2026-07-31","09:02:00","18:16:00","PRESENT"
1149,58,"2026-08-03",NULL,NULL,"ABSENT"
1150,58,"2026-08-04","09:11:00","18:29:00","PRESENT"
1151,58,"2026-08-05","09:12:00","18:27:00","PRESENT"
1152,58,"2026-08-06","09:13:00","18:11:00","PRESENT"
1153,58,"2026-08-07","09:05:00","18:24:00","PRESENT"
1154,58,"2026-08-10","09:24:00","18:02:00","PRESENT"
1155,58,"2026-08-11","09:02:00","18:00:00","PRESENT"
1156,58,"2026-08-12","09:01:00","18:29:00","PRESENT"
1157,58,"2026-08-13","09:25:00","18:12:00","PRESENT"
1158,58,"2026-08-14","09:20:00","18:22:00","PRESENT"
1159,58,"2026-08-17","09:13:00","18:13:00","PRESENT"
1160,58,"2026-08-18","09:02:00","18:20:00","PRESENT"
1161,58,"2026-08-19","09:19:00","18:04:00","PRESENT"
1162,59,"2026-07-23","09:09:00","18:02:00","PRESENT"
1163,59,"2026-07-24","09:06:00","18:25:00","PRESENT"
1164,59,"2026-07-27","09:10:00","18:12:00","PRESENT"
1165,59,"2026-07-28","09:24:00","18:26:00","PRESENT"
1166,59,"2026-07-29","09:20:00","18:02:00","PRESENT"
1167,59,"2026-07-30","09:13:00","18:23:00","PRESENT"
1168,59,"2026-07-31","09:07:00","18:01:00","LATE"
1169,59,"2026-08-03","09:29:00","18:13:00","PRESENT"
1170,59,"2026-08-04","09:19:00","18:19:00","PRESENT"
1171,59,"2026-08-05","09:21:00","18:23:00","PRESENT"
1172,59,"2026-08-06","09:05:00","18:03:00","PRESENT"
1173,59,"2026-08-07","09:04:00","18:22:00","PRESENT"
1174,59,"2026-08-10","09:15:00","18:30:00","PRESENT"
1175,59,"2026-08-11","09:16:00","18:25:00","PRESENT"
1176,59,"2026-08-12","09:08:00","18:05:00","PRESENT"
1177,59,"2026-08-13","09:23:00","18:24:00","PRESENT"
1178,59,"2026-08-14",NULL,NULL,"ABSENT"
1179,59,"2026-08-17","09:03:00","18:24:00","PRESENT"
1180,59,"2026-08-18",NULL,NULL,"ABSENT"
1181,59,"2026-08-19","09:13:00","18:08:00","PRESENT"
1182,60,"2026-07-23","09:08:00","18:22:00","PRESENT"
1183,60,"2026-07-24","09:20:00","18:02:00","LATE"
1184,60,"2026-07-27","09:16:00","18:11:00","PRESENT"
1185,60,"2026-07-28","09:27:00","18:18:00","PRESENT"
1186,60,"2026-07-29","09:05:00","18:08:00","PRESENT"
1187,60,"2026-07-30","09:28:00","18:18:00","PRESENT"
1188,60,"2026-07-31","09:03:00","18:07:00","PRESENT"
1189,60,"2026-08-03","09:00:00","18:01:00","PRESENT"
1190,60,"2026-08-04",NULL,NULL,"ABSENT"
1191,60,"2026-08-05","09:01:00","18:15:00","PRESENT"
1192,60,"2026-08-06","09:29:00","18:04:00","PRESENT"
1193,60,"2026-08-07","09:30:00","18:27:00","PRESENT"
1194,60,"2026-08-10","09:25:00","18:29:00","PRESENT"
1195,60,"2026-08-11","09:20:00","18:13:00","PRESENT"
1196,60,"2026-08-12","09:07:00","18:13:00","PRESENT"
1197,60,"2026-08-13",NULL,NULL,"ABSENT"
1198,60,"2026-08-14","09:26:00","18:02:00","PRESENT"
1199,60,"2026-08-17","09:03:00","18:16:00","PRESENT"
1200,60,"2026-08-18","09:01:00","18:05:00","PRESENT"
1201,60,"2026-08-19","09:16:00","18:01:00","PRESENT"
1202,61,"2026-07-23","09:02:00","18:28:00","LATE"
1203,61,"2026-07-24","09:09:00","18:24:00","PRESENT"
1204,61,"2026-07-27","09:10:00","18:02:00","PRESENT"
1205,61,"2026-07-28","09:00:00","18:11:00","PRESENT"
1206,61,"2026-07-29","09:18:00","18:25:00","PRESENT"
1207,61,"2026-07-30","09:19:00","18:07:00","PRESENT"
1208,61,"2026-07-31","09:18:00","18:15:00","PRESENT"
1209,61,"2026-08-03","09:24:00","18:06:00","LATE"
1210,61,"2026-08-04","09:17:00","18:24:00","PRESENT"
1211,61,"2026-08-05","09:04:00","18:00:00","PRESENT"
1212,61,"2026-08-06","09:00:00","18:07:00","LATE"
1213,61,"2026-08-07","09:20:00","18:26:00","PRESENT"
1214,61,"2026-08-10","09:00:00","18:30:00","PRESENT"
1215,61,"2026-08-11","09:24:00","18:21:00","PRESENT"
1216,61,"2026-08-12","09:23:00","18:23:00","PRESENT"
1217,61,"2026-08-13","09:06:00","18:16:00","PRESENT"
1218,61,"2026-08-14","09:13:00","18:15:00","LATE"
1219,61,"2026-08-17","09:04:00","18:22:00","LATE"
1220,61,"2026-08-18","09:01:00","18:29:00","PRESENT"
1221,61,"2026-08-19","09:27:00","18:16:00","PRESENT"
1222,62,"2026-07-23","09:28:00","18:11:00","PRESENT"
1223,62,"2026-07-24","09:23:00","18:02:00","PRESENT"
1224,62,"2026-07-27","09:16:00","18:04:00","PRESENT"
1225,62,"2026-07-28","09:12:00","18:02:00","PRESENT"
1226,62,"2026-07-29","09:01:00","18:13:00","PRESENT"
1227,62,"2026-07-30","09:04:00","18:07:00","PRESENT"
1228,62,"2026-07-31","09:27:00","18:10:00","PRESENT"
1229,62,"2026-08-03",NULL,NULL,"ABSENT"
1230,62,"2026-08-04","09:26:00","18:23:00","PRESENT"
1231,62,"2026-08-05","09:14:00","18:08:00","PRESENT"
1232,62,"2026-08-06","09:30:00","18:06:00","PRESENT"
1233,62,"2026-08-07","09:24:00","18:18:00","PRESENT"
1234,62,"2026-08-10","09:03:00","18:05:00","PRESENT"
1235,62,"2026-08-11","09:10:00","18:13:00","PRESENT"
1236,62,"2026-08-12","09:11:00","18:30:00","PRESENT"
1237,62,"2026-08-13","09:14:00","18:09:00","PRESENT"
1238,62,"2026-08-14","09:27:00","18:03:00","PRESENT"
1239,62,"2026-08-17","09:25:00","18:21:00","PRESENT"
1240,62,"2026-08-18","09:22:00","18:22:00","PRESENT"
1241,62,"2026-08-19","09:06:00","18:26:00","PRESENT"
1242,63,"2026-07-23",NULL,NULL,"ABSENT"
1243,63,"2026-07-24","09:22:00","18:07:00","PRESENT"
1244,63,"2026-07-27","09:12:00","18:16:00","LATE"
1245,63,"2026-07-28","09:09:00","18:08:00","PRESENT"
1246,63,"2026-07-29","09:05:00","18:00:00","PRESENT"
1247,63,"2026-07-30","09:27:00","18:14:00","LATE"
1248,63,"2026-07-31","09:17:00","18:07:00","PRESENT"
1249,63,"2026-08-03","09:03:00","18:25:00","PRESENT"
1250,63,"2026-08-04","09:03:00","18:00:00","PRESENT"
1251,63,"2026-08-05","09:24:00","18:07:00","PRESENT"
1252,63,"2026-08-06","09:26:00","18:12:00","PRESENT"
1253,63,"2026-08-07","09:20:00","18:30:00","PRESENT"
1254,63,"2026-08-10","09:18:00","18:18:00","PRESENT"
1255,63,"2026-08-11","09:26:00","18:02:00","PRESENT"
1256,63,"2026-08-12","09:02:00","18:06:00","PRESENT"
1257,63,"2026-08-13",NULL,NULL,"ABSENT"
1258,63,"2026-08-14","09:04:00","18:02:00","PRESENT"
1259,63,"2026-08-17",NULL,NULL,"ABSENT"
1260,63,"2026-08-18","09:10:00","18:03:00","PRESENT"
1261,63,"2026-08-19","09:14:00","18:01:00","PRESENT"
1262,64,"2026-07-23","09:18:00","18:13:00","PRESENT"
1263,64,"2026-07-24","09:12:00","18:15:00","PRESENT"
1264,64,"2026-07-27","09:21:00","18:13:00","PRESENT"
1265,64,"2026-07-28","09:06:00","18:29:00","PRESENT"
1266,64,"2026-07-29","09:08:00","18:14:00","PRESENT"
1267,64,"2026-07-30",NULL,NULL,"ABSENT"
1268,64,"2026-07-31","09:19:00","18:19:00","PRESENT"
1269,64,"2026-08-03","09:09:00","18:15:00","PRESENT"
1270,64,"2026-08-04","09:17:00","18:15:00","PRESENT"
1271,64,"2026-08-05","09:08:00","18:12:00","PRESENT"
1272,64,"2026-08-06","09:06:00","18:20:00","PRESENT"
1273,64,"2026-08-07",NULL,NULL,"ABSENT"
1274,64,"2026-08-10","09:20:00","18:25:00","PRESENT"
1275,64,"2026-08-11","09:00:00","18:12:00","PRESENT"
1276,64,"2026-08-12","09:11:00","18:15:00","PRESENT"
1277,64,"2026-08-13","09:15:00","18:11:00","PRESENT"
1278,64,"2026-08-14",NULL,NULL,"ABSENT"
1279,64,"2026-08-17","09:12:00","18:08:00","PRESENT"
1280,64,"2026-08-18","09:10:00","18:19:00","PRESENT"
1281,64,"2026-08-19","09:28:00","18:25:00","PRESENT"
1282,65,"2026-07-23","09:01:00","18:25:00","PRESENT"
1283,65,"2026-07-24","09:16:00","18:11:00","LATE"
1284,65,"2026-07-27","09:07:00","18:05:00","PRESENT"
1285,65,"2026-07-28","09:21:00","18:07:00","PRESENT"
1286,65,"2026-07-29","09:26:00","18:25:00","PRESENT"
1287,65,"2026-07-30",NULL,NULL,"ABSENT"
1288,65,"2026-07-31","09:30:00","18:07:00","PRESENT"
1289,65,"2026-08-03","09:25:00","18:12:00","PRESENT"
1290,65,"2026-08-04","09:26:00","18:27:00","PRESENT"
1291,65,"2026-08-05","09:07:00","18:18:00","PRESENT"
1292,65,"2026-08-06","09:23:00","18:22:00","PRESENT"
1293,65,"2026-08-07","09:18:00","18:00:00","PRESENT"
1294,65,"2026-08-10","09:11:00","18:30:00","PRESENT"
1295,65,"2026-08-11","09:04:00","18:18:00","PRESENT"
1296,65,"2026-08-12","09:26:00","18:25:00","LATE"
1297,65,"2026-08-13",NULL,NULL,"ABSENT"
1298,65,"2026-08-14","09:09:00","18:05:00","PRESENT"
1299,65,"2026-08-17","09:02:00","18:01:00","PRESENT"
1300,65,"2026-08-18","09:07:00","18:00:00","PRESENT"
1301,65,"2026-08-19","09:00:00","18:10:00","PRESENT"
1302,66,"2026-07-23",NULL,NULL,"ABSENT"
1303,66,"2026-07-24","09:04:00","18:10:00","PRESENT"
1304,66,"2026-07-27","09:29:00","18:25:00","PRESENT"
1305,66,"2026-07-28","09:10:00","18:01:00","PRESENT"
1306,66,"2026-07-29","09:18:00","18:22:00","PRESENT"
1307,66,"2026-07-30",NULL,NULL,"ABSENT"
1308,66,"2026-07-31","09:27:00","18:16:00","PRESENT"
1309,66,"2026-08-03",NULL,NULL,"ABSENT"
1310,66,"2026-08-04","09:11:00","18:22:00","LATE"
1311,66,"2026-08-05","09:12:00","18:18:00","LATE"
1312,66,"2026-08-06","09:09:00","18:10:00","PRESENT"
1313,66,"2026-08-07","09:05:00","18:23:00","PRESENT"
1314,66,"2026-08-10","09:25:00","18:20:00","LATE"
1315,66,"2026-08-11","09:20:00","18:10:00","LATE"
1316,66,"2026-08-12","09:30:00","18:17:00","PRESENT"
1317,66,"2026-08-13","09:29:00","18:19:00","PRESENT"
1318,66,"2026-08-14","09:07:00","18:21:00","PRESENT"
1319,66,"2026-08-17","09:05:00","18:12:00","PRESENT"
1320,66,"2026-08-18","09:22:00","18:09:00","PRESENT"
1321,66,"2026-08-19","09:23:00","18:00:00","PRESENT"
1322,67,"2026-07-23","09:30:00","18:18:00","LATE"
1323,67,"2026-07-24","09:24:00","18:30:00","PRESENT"
1324,67,"2026-07-27","09:05:00","18:19:00","PRESENT"
1325,67,"2026-07-28","09:25:00","18:30:00","PRESENT"
1326,67,"2026-07-29","09:20:00","18:18:00","PRESENT"
1327,67,"2026-07-30","09:15:00","18:04:00","PRESENT"
1328,67,"2026-07-31","09:02:00","18:07:00","PRESENT"
1329,67,"2026-08-03","09:10:00","18:05:00","PRESENT"
1330,67,"2026-08-04","09:30:00","18:02:00","PRESENT"
1331,67,"2026-08-05","09:21:00","18:20:00","PRESENT"
1332,67,"2026-08-06","09:10:00","18:14:00","PRESENT"
1333,67,"2026-08-07","09:06:00","18:07:00","PRESENT"
1334,67,"2026-08-10","09:11:00","18:08:00","PRESENT"
1335,67,"2026-08-11","09:23:00","18:00:00","PRESENT"
1336,67,"2026-08-12","09:14:00","18:23:00","PRESENT"
1337,67,"2026-08-13","09:05:00","18:28:00","PRESENT"
1338,67,"2026-08-14","09:28:00","18:12:00","PRESENT"
1339,67,"2026-08-17","09:12:00","18:03:00","PRESENT"
1340,67,"2026-08-18","09:25:00","18:27:00","PRESENT"
1341,67,"2026-08-19","09:24:00","18:21:00","PRESENT"
1342,68,"2026-07-23","09:14:00","18:02:00","PRESENT"
1343,68,"2026-07-24","09:01:00","18:09:00","PRESENT"
1344,68,"2026-07-27","09:08:00","18:30:00","PRESENT"
1345,68,"2026-07-28","09:10:00","18:05:00","PRESENT"
1346,68,"2026-07-29",NULL,NULL,"ABSENT"
1347,68,"2026-07-30","09:02:00","18:17:00","PRESENT"
1348,68,"2026-07-31","09:02:00","18:10:00","LATE"
1349,68,"2026-08-03","09:19:00","18:28:00","PRESENT"
1350,68,"2026-08-04","09:00:00","18:13:00","PRESENT"
1351,68,"2026-08-05","09:05:00","18:19:00","LATE"
1352,68,"2026-08-06",NULL,NULL,"ABSENT"
1353,68,"2026-08-07","09:03:00","18:10:00","PRESENT"
1354,68,"2026-08-10","09:06:00","18:13:00","PRESENT"
1355,68,"2026-08-11","09:23:00","18:29:00","PRESENT"
1356,68,"2026-08-12","09:08:00","18:21:00","PRESENT"
1357,68,"2026-08-13","09:07:00","18:03:00","PRESENT"
1358,68,"2026-08-14","09:18:00","18:17:00","PRESENT"
1359,68,"2026-08-17","09:04:00","18:01:00","PRESENT"
1360,68,"2026-08-18","09:13:00","18:02:00","PRESENT"
1361,68,"2026-08-19","09:21:00","18:20:00","PRESENT"
1362,69,"2026-07-23","09:06:00","18:03:00","PRESENT"
1363,69,"2026-07-24","09:05:00","18:20:00","PRESENT"
1364,69,"2026-07-27","09:02:00","18:15:00","PRESENT"
1365,69,"2026-07-28","09:09:00","18:25:00","PRESENT"
1366,69,"2026-07-29","09:15:00","18:28:00","PRESENT"
1367,69,"2026-07-30","09:02:00","18:20:00","PRESENT"
1368,69,"2026-07-31","09:05:00","18:11:00","PRESENT"
1369,69,"2026-08-03",NULL,NULL,"ABSENT"
1370,69,"2026-08-04","09:14:00","18:01:00","PRESENT"
1371,69,"2026-08-05","09:14:00","18:08:00","PRESENT"
1372,69,"2026-08-06","09:08:00","18:18:00","PRESENT"
1373,69,"2026-08-07","09:24:00","18:22:00","PRESENT"
1374,69,"2026-08-10","09:02:00","18:21:00","PRESENT"
1375,69,"2026-08-11","09:17:00","18:13:00","PRESENT"
1376,69,"2026-08-12","09:18:00","18:07:00","LATE"
1377,69,"2026-08-13","09:26:00","18:12:00","PRESENT"
1378,69,"2026-08-14","09:13:00","18:30:00","PRESENT"
1379,69,"2026-08-17","09:27:00","18:29:00","PRESENT"
1380,69,"2026-08-18","09:28:00","18:07:00","PRESENT"
1381,69,"2026-08-19","09:02:00","18:12:00","PRESENT"
1382,70,"2026-07-23",NULL,NULL,"ABSENT"
1383,70,"2026-07-24","09:16:00","18:18:00","PRESENT"
1384,70,"2026-07-27",NULL,NULL,"ABSENT"
1385,70,"2026-07-28","09:21:00","18:19:00","PRESENT"
1386,70,"2026-07-29","09:30:00","18:24:00","PRESENT"
1387,70,"2026-07-30","09:30:00","18:05:00","PRESENT"
1388,70,"2026-07-31","09:25:00","18:06:00","LATE"
1389,70,"2026-08-03","09:13:00","18:02:00","PRESENT"
1390,70,"2026-08-04","09:13:00","18:06:00","LATE"
1391,70,"2026-08-05","09:20:00","18:04:00","LATE"
1392,70,"2026-08-06","09:08:00","18:10:00","PRESENT"
1393,70,"2026-08-07",NULL,NULL,"ABSENT"
1394,70,"2026-08-10",NULL,NULL,"ABSENT"
1395,70,"2026-08-11","09:12:00","18:17:00","PRESENT"
1396,70,"2026-08-12","09:10:00","18:27:00","PRESENT"
1397,70,"2026-08-13","09:14:00","18:29:00","PRESENT"
1398,70,"2026-08-14",NULL,NULL,"ABSENT"
1399,70,"2026-08-17","09:19:00","18:18:00","PRESENT"
1400,70,"2026-08-18","09:13:00","18:03:00","PRESENT"
1401,70,"2026-08-19","09:04:00","18:18:00","PRESENT"
1402,71,"2026-07-23","09:24:00","18:30:00","PRESENT"
1403,71,"2026-07-24","09:29:00","18:03:00","LATE"
1404,71,"2026-07-27","09:03:00","18:25:00","PRESENT"
1405,71,"2026-07-28","09:17:00","18:28:00","PRESENT"
1406,71,"2026-07-29","09:13:00","18:08:00","PRESENT"
1407,71,"2026-07-30","09:15:00","18:18:00","PRESENT"
1408,71,"2026-07-31","09:01:00","18:05:00","PRESENT"
1409,71,"2026-08-03","09:04:00","18:19:00","PRESENT"
1410,71,"2026-08-04","09:22:00","18:12:00","PRESENT"
1411,71,"2026-08-05","09:28:00","18:28:00","PRESENT"
1412,71,"2026-08-06","09:07:00","18:01:00","PRESENT"
1413,71,"2026-08-07","09:29:00","18:08:00","PRESENT"
1414,71,"2026-08-10",NULL,NULL,"ABSENT"
1415,71,"2026-08-11","09:26:00","18:25:00","PRESENT"
1416,71,"2026-08-12","09:08:00","18:26:00","PRESENT"
1417,71,"2026-08-13","09:22:00","18:21:00","PRESENT"
1418,71,"2026-08-14","09:27:00","18:07:00","PRESENT"
1419,71,"2026-08-17","09:23:00","18:14:00","PRESENT"
1420,71,"2026-08-18","09:10:00","18:08:00","PRESENT"
1421,71,"2026-08-19","09:19:00","18:20:00","PRESENT"
1422,72,"2026-07-23","09:14:00","18:06:00","PRESENT"
1423,72,"2026-07-24",NULL,NULL,"ABSENT"
1424,72,"2026-07-27","09:15:00","18:24:00","PRESENT"
1425,72,"2026-07-28","09:11:00","18:26:00","PRESENT"
1426,72,"2026-07-29","09:25:00","18:05:00","PRESENT"
1427,72,"2026-07-30","09:22:00","18:16:00","PRESENT"
1428,72,"2026-07-31","09:24:00","18:27:00","PRESENT"
1429,72,"2026-08-03","09:18:00","18:00:00","PRESENT"
1430,72,"2026-08-04","09:28:00","18:26:00","PRESENT"
1431,72,"2026-08-05","09:01:00","18:07:00","PRESENT"
1432,72,"2026-08-06","09:01:00","18:29:00","PRESENT"
1433,72,"2026-08-07","09:06:00","18:08:00","PRESENT"
1434,72,"2026-08-10","09:14:00","18:16:00","PRESENT"
1435,72,"2026-08-11","09:29:00","18:03:00","PRESENT"
1436,72,"2026-08-12","09:07:00","18:11:00","PRESENT"
1437,72,"2026-08-13","09:14:00","18:05:00","PRESENT"
1438,72,"2026-08-14","09:15:00","18:18:00","LATE"
1439,72,"2026-08-17","09:11:00","18:05:00","PRESENT"
1440,72,"2026-08-18","09:08:00","18:23:00","PRESENT"
1441,72,"2026-08-19","09:02:00","18:09:00","PRESENT"
1442,73,"2026-07-23","09:01:00","18:05:00","PRESENT"
1443,73,"2026-07-24",NULL,NULL,"ABSENT"
1444,73,"2026-07-27","09:06:00","18:27:00","PRESENT"
1445,73,"2026-07-28","09:07:00","18:21:00","PRESENT"
1446,73,"2026-07-29","09:20:00","18:13:00","PRESENT"
1447,73,"2026-07-30","09:27:00","18:24:00","PRESENT"
1448,73,"2026-07-31","09:21:00","18:00:00","LATE"
1449,73,"2026-08-03","09:04:00","18:20:00","PRESENT"
1450,73,"2026-08-04","09:25:00","18:00:00","PRESENT"
1451,73,"2026-08-05","09:19:00","18:25:00","PRESENT"
1452,73,"2026-08-06","09:22:00","18:30:00","LATE"
1453,73,"2026-08-07","09:08:00","18:13:00","PRESENT"
1454,73,"2026-08-10",NULL,NULL,"ABSENT"
1455,73,"2026-08-11",NULL,NULL,"ABSENT"
1456,73,"2026-08-12","09:06:00","18:14:00","PRESENT"
1457,73,"2026-08-13","09:16:00","18:26:00","PRESENT"
1458,73,"2026-08-14","09:18:00","18:03:00","PRESENT"
1459,73,"2026-08-17","09:21:00","18:30:00","PRESENT"
1460,73,"2026-08-18","09:11:00","18:17:00","PRESENT"
1461,73,"2026-08-19","09:19:00","18:09:00","PRESENT"
1462,74,"2026-07-23","09:03:00","18:15:00","PRESENT"
1463,74,"2026-07-24","09:08:00","18:20:00","PRESENT"
1464,74,"2026-07-27","09:08:00","18:08:00","PRESENT"
1465,74,"2026-07-28","09:30:00","18:28:00","PRESENT"
1466,74,"2026-07-29","09:06:00","18:04:00","PRESENT"
1467,74,"2026-07-30","09:07:00","18:28:00","PRESENT"
1468,74,"2026-07-31","09:27:00","18:25:00","PRESENT"
1469,74,"2026-08-03","09:12:00","18:21:00","PRESENT"
1470,74,"2026-08-04","09:04:00","18:23:00","PRESENT"
1471,74,"2026-08-05","09:15:00","18:09:00","PRESENT"
1472,74,"2026-08-06","09:13:00","18:12:00","PRESENT"
1473,74,"2026-08-07","09:01:00","18:18:00","PRESENT"
1474,74,"2026-08-10","09:18:00","18:26:00","PRESENT"
1475,74,"2026-08-11","09:23:00","18:22:00","PRESENT"
1476,74,"2026-08-12","09:17:00","18:20:00","PRESENT"
1477,74,"2026-08-13","09:29:00","18:30:00","PRESENT"
1478,74,"2026-08-14","09:16:00","18:09:00","PRESENT"
1479,74,"2026-08-17","09:26:00","18:21:00","PRESENT"
1480,74,"2026-08-18",NULL,NULL,"ABSENT"
1481,74,"2026-08-19","09:03:00","18:15:00","PRESENT"
1482,75,"2026-07-23","09:08:00","18:23:00","PRESENT"
1483,75,"2026-07-24","09:24:00","18:29:00","PRESENT"
1484,75,"2026-07-27","09:21:00","18:28:00","PRESENT"
1485,75,"2026-07-28","09:02:00","18:07:00","PRESENT"
1486,75,"2026-07-29","09:23:00","18:27:00","PRESENT"
1487,75,"2026-07-30","09:25:00","18:28:00","PRESENT"
1488,75,"2026-07-31","09:08:00","18:18:00","PRESENT"
1489,75,"2026-08-03","09:27:00","18:03:00","PRESENT"
1490,75,"2026-08-04","09:27:00","18:20:00","PRESENT"
1491,75,"2026-08-05","09:30:00","18:19:00","PRESENT"
1492,75,"2026-08-06","09:28:00","18:06:00","PRESENT"
1493,75,"2026-08-07","09:27:00","18:21:00","PRESENT"
1494,75,"2026-08-10","09:09:00","18:13:00","PRESENT"
1495,75,"2026-08-11","09:27:00","18:04:00","PRESENT"
1496,75,"2026-08-12","09:06:00","18:10:00","PRESENT"
1497,75,"2026-08-13","09:18:00","18:28:00","PRESENT"
1498,75,"2026-08-14",NULL,NULL,"ABSENT"
1499,75,"2026-08-17","09:10:00","18:27:00","PRESENT"
1500,75,"2026-08-18","09:24:00","18:02:00","PRESENT"
1501,75,"2026-08-19","09:20:00","18:05:00","PRESENT"
1502,76,"2026-07-23","09:01:00","18:00:00","PRESENT"
1503,76,"2026-07-24","09:06:00","18:24:00","PRESENT"
1504,76,"2026-07-27","09:18:00","18:24:00","PRESENT"
1505,76,"2026-07-28","09:25:00","18:24:00","PRESENT"
1506,76,"2026-07-29","09:04:00","18:19:00","PRESENT"
1507,76,"2026-07-30","09:13:00","18:12:00","PRESENT"
1508,76,"2026-07-31","09:15:00","18:12:00","PRESENT"
1509,76,"2026-08-03","09:17:00","18:06:00","PRESENT"
1510,76,"2026-08-04","09:30:00","18:00:00","PRESENT"
1511,76,"2026-08-05",NULL,NULL,"ABSENT"
1512,76,"2026-08-06","09:16:00","18:06:00","PRESENT"
1513,76,"2026-08-07","09:00:00","18:20:00","PRESENT"
1514,76,"2026-08-10","09:07:00","18:22:00","PRESENT"
1515,76,"2026-08-11",NULL,NULL,"ABSENT"
1516,76,"2026-08-12","09:03:00","18:12:00","PRESENT"
1517,76,"2026-08-13","09:09:00","18:05:00","PRESENT"
1518,76,"2026-08-14","09:01:00","18:09:00","PRESENT"
1519,76,"2026-08-17","09:14:00","18:23:00","LATE"
1520,76,"2026-08-18","09:16:00","18:10:00","PRESENT"
1521,76,"2026-08-19","09:21:00","18:04:00","PRESENT"
1522,77,"2026-07-23","09:28:00","18:15:00","PRESENT"
1523,77,"2026-07-24","09:06:00","18:05:00","PRESENT"
1524,77,"2026-07-27","09:29:00","18:25:00","LATE"
1525,77,"2026-07-28","09:07:00","18:07:00","PRESENT"
1526,77,"2026-07-29","09:04:00","18:06:00","PRESENT"
1527,77,"2026-07-30","09:18:00","18:16:00","PRESENT"
1528,77,"2026-07-31","09:11:00","18:22:00","PRESENT"
1529,77,"2026-08-03","09:01:00","18:12:00","PRESENT"
1530,77,"2026-08-04",NULL,NULL,"ABSENT"
1531,77,"2026-08-05","09:17:00","18:19:00","PRESENT"
1532,77,"2026-08-06","09:01:00","18:21:00","PRESENT"
1533,77,"2026-08-07","09:26:00","18:00:00","PRESENT"
1534,77,"2026-08-10","09:03:00","18:13:00","PRESENT"
1535,77,"2026-08-11","09:03:00","18:17:00","PRESENT"
1536,77,"2026-08-12","09:22:00","18:04:00","PRESENT"
1537,77,"2026-08-13","09:21:00","18:20:00","PRESENT"
1538,77,"2026-08-14","09:13:00","18:21:00","PRESENT"
1539,77,"2026-08-17","09:16:00","18:08:00","PRESENT"
1540,77,"2026-08-18","09:22:00","18:04:00","PRESENT"
1541,77,"2026-08-19","09:28:00","18:03:00","PRESENT"
1542,78,"2026-07-23","09:19:00","18:03:00","PRESENT"
1543,78,"2026-07-24","09:25:00","18:03:00","PRESENT"
1544,78,"2026-07-27","09:19:00","18:06:00","PRESENT"
1545,78,"2026-07-28","09:26:00","18:16:00","PRESENT"
1546,78,"2026-07-29","09:11:00","18:22:00","LATE"
1547,78,"2026-07-30","09:05:00","18:01:00","PRESENT"
1548,78,"2026-07-31","09:29:00","18:06:00","PRESENT"
1549,78,"2026-08-03","09:15:00","18:10:00","PRESENT"
1550,78,"2026-08-04","09:00:00","18:21:00","PRESENT"
1551,78,"2026-08-05","09:03:00","18:26:00","PRESENT"
1552,78,"2026-08-06","09:15:00","18:04:00","PRESENT"
1553,78,"2026-08-07","09:24:00","18:16:00","LATE"
1554,78,"2026-08-10","09:23:00","18:03:00","PRESENT"
1555,78,"2026-08-11",NULL,NULL,"ABSENT"
1556,78,"2026-08-12","09:14:00","18:09:00","PRESENT"
1557,78,"2026-08-13","09:01:00","18:03:00","PRESENT"
1558,78,"2026-08-14","09:27:00","18:01:00","PRESENT"
1559,78,"2026-08-17",NULL,NULL,"ABSENT"
1560,78,"2026-08-18","09:21:00","18:10:00","PRESENT"
1561,78,"2026-08-19","09:03:00","18:03:00","PRESENT"
1562,79,"2026-07-23",NULL,NULL,"ABSENT"
1563,79,"2026-07-24",NULL,NULL,"ABSENT"
1564,79,"2026-07-27","09:04:00","18:21:00","PRESENT"
1565,79,"2026-07-28","09:10:00","18:11:00","PRESENT"
1566,79,"2026-07-29",NULL,NULL,"ABSENT"
1567,79,"2026-07-30","09:08:00","18:28:00","LATE"
1568,79,"2026-07-31","09:11:00","18:26:00","PRESENT"
1569,79,"2026-08-03","09:03:00","18:12:00","PRESENT"
1570,79,"2026-08-04","09:14:00","18:08:00","PRESENT"
1571,79,"2026-08-05","09:22:00","18:27:00","PRESENT"
1572,79,"2026-08-06","09:13:00","18:20:00","PRESENT"
1573,79,"2026-08-07",NULL,NULL,"ABSENT"
1574,79,"2026-08-10","09:04:00","18:22:00","PRESENT"
1575,79,"2026-08-11","09:30:00","18:27:00","PRESENT"
1576,79,"2026-08-12","09:13:00","18:29:00","PRESENT"
1577,79,"2026-08-13","09:25:00","18:18:00","PRESENT"
1578,79,"2026-08-14","09:05:00","18:19:00","PRESENT"
1579,79,"2026-08-17","09:11:00","18:19:00","PRESENT"
1580,79,"2026-08-18","09:21:00","18:28:00","PRESENT"
1581,79,"2026-08-19","09:28:00","18:04:00","PRESENT"
1582,80,"2026-07-23","09:15:00","18:03:00","PRESENT"
1583,80,"2026-07-24",NULL,NULL,"ABSENT"
1584,80,"2026-07-27","09:02:00","18:08:00","PRESENT"
1585,80,"2026-07-28","09:00:00","18:22:00","PRESENT"
1586,80,"2026-07-29",NULL,NULL,"ABSENT"
1587,80,"2026-07-30","09:23:00","18:18:00","PRESENT"
1588,80,"2026-07-31","09:07:00","18:30:00","PRESENT"
1589,80,"2026-08-03","09:10:00","18:16:00","PRESENT"
1590,80,"2026-08-04","09:22:00","18:19:00","PRESENT"
1591,80,"2026-08-05","09:21:00","18:23:00","PRESENT"
1592,80,"2026-08-06","09:11:00","18:21:00","PRESENT"
1593,80,"2026-08-07","09:12:00","18:04:00","PRESENT"
1594,80,"2026-08-10","09:17:00","18:28:00","PRESENT"
1595,80,"2026-08-11","09:01:00","18:00:00","LATE"
1596,80,"2026-08-12","09:05:00","18:16:00","PRESENT"
1597,80,"2026-08-13","09:27:00","18:15:00","PRESENT"
1598,80,"2026-08-14",NULL,NULL,"ABSENT"
1599,80,"2026-08-17","09:15:00","18:10:00","PRESENT"
1600,80,"2026-08-18","09:08:00","18:01:00","PRESENT"
1601,80,"2026-08-19","09:17:00","18:20:00","PRESENT"
1602,81,"2026-07-23","09:26:00","18:07:00","PRESENT"
1603,81,"2026-07-24","09:14:00","18:25:00","PRESENT"
1604,81,"2026-07-27","09:02:00","18:27:00","PRESENT"
1605,81,"2026-07-28","09:10:00","18:03:00","PRESENT"
1606,81,"2026-07-29","09:23:00","18:20:00","LATE"
1607,81,"2026-07-30","09:12:00","18:13:00","PRESENT"
1608,81,"2026-07-31","09:17:00","18:00:00","PRESENT"
1609,81,"2026-08-03","09:25:00","18:19:00","PRESENT"
1610,81,"2026-08-04","09:20:00","18:09:00","LATE"
1611,81,"2026-08-05",NULL,NULL,"ABSENT"
1612,81,"2026-08-06","09:20:00","18:21:00","PRESENT"
1613,81,"2026-08-07","09:10:00","18:11:00","PRESENT"
1614,81,"2026-08-10","09:26:00","18:07:00","PRESENT"
1615,81,"2026-08-11","09:10:00","18:17:00","PRESENT"
1616,81,"2026-08-12","09:19:00","18:15:00","PRESENT"
1617,81,"2026-08-13","09:11:00","18:22:00","PRESENT"
1618,81,"2026-08-14","09:03:00","18:24:00","PRESENT"
1619,81,"2026-08-17","09:00:00","18:10:00","PRESENT"
1620,81,"2026-08-18","09:20:00","18:30:00","PRESENT"
1621,81,"2026-08-19","09:17:00","18:16:00","PRESENT"
1622,82,"2026-07-23","09:03:00","18:01:00","PRESENT"
1623,82,"2026-07-24",NULL,NULL,"ABSENT"
1624,82,"2026-07-27","09:26:00","18:22:00","PRESENT"
1625,82,"2026-07-28","09:13:00","18:03:00","PRESENT"
1626,82,"2026-07-29","09:06:00","18:06:00","PRESENT"
1627,82,"2026-07-30","09:27:00","18:12:00","PRESENT"
1628,82,"2026-07-31","09:26:00","18:25:00","PRESENT"
1629,82,"2026-08-03","09:10:00","18:03:00","PRESENT"
1630,82,"2026-08-04","09:01:00","18:29:00","PRESENT"
1631,82,"2026-08-05","09:21:00","18:18:00","PRESENT"
1632,82,"2026-08-06","09:28:00","18:14:00","PRESENT"
1633,82,"2026-08-07","09:18:00","18:30:00","PRESENT"
1634,82,"2026-08-10","09:30:00","18:15:00","PRESENT"
1635,82,"2026-08-11","09:23:00","18:01:00","PRESENT"
1636,82,"2026-08-12","09:13:00","18:26:00","PRESENT"
1637,82,"2026-08-13","09:29:00","18:16:00","PRESENT"
1638,82,"2026-08-14","09:29:00","18:05:00","PRESENT"
1639,82,"2026-08-17","09:05:00","18:23:00","PRESENT"
1640,82,"2026-08-18","09:03:00","18:12:00","PRESENT"
1641,82,"2026-08-19","09:19:00","18:28:00","PRESENT"
1642,83,"2026-07-23","09:28:00","18:12:00","PRESENT"
1643,83,"2026-07-24","09:19:00","18:29:00","PRESENT"
1644,83,"2026-07-27","09:07:00","18:08:00","PRESENT"
1645,83,"2026-07-28","09:10:00","18:09:00","PRESENT"
1646,83,"2026-07-29","09:04:00","18:04:00","PRESENT"
1647,83,"2026-07-30","09:22:00","18:28:00","PRESENT"
1648,83,"2026-07-31","09:09:00","18:26:00","PRESENT"
1649,83,"2026-08-03","09:27:00","18:10:00","PRESENT"
1650,83,"2026-08-04","09:29:00","18:17:00","PRESENT"
1651,83,"2026-08-05","09:06:00","18:06:00","PRESENT"
1652,83,"2026-08-06","09:09:00","18:21:00","PRESENT"
1653,83,"2026-08-07","09:21:00","18:04:00","PRESENT"
1654,83,"2026-08-10","09:20:00","18:30:00","LATE"
1655,83,"2026-08-11","09:17:00","18:22:00","PRESENT"
1656,83,"2026-08-12","09:22:00","18:03:00","PRESENT"
1657,83,"2026-08-13","09:17:00","18:15:00","PRESENT"
1658,83,"2026-08-14","09:30:00","18:21:00","PRESENT"
1659,83,"2026-08-17","09:21:00","18:23:00","PRESENT"
1660,83,"2026-08-18",NULL,NULL,"ABSENT"
1661,83,"2026-08-19","09:28:00","18:27:00","PRESENT"
1662,84,"2026-07-23","09:00:00","18:16:00","PRESENT"
1663,84,"2026-07-24","09:12:00","18:04:00","PRESENT"
1664,84,"2026-07-27","09:01:00","18:06:00","PRESENT"
1665,84,"2026-07-28","09:25:00","18:05:00","PRESENT"
1666,84,"2026-07-29","09:21:00","18:08:00","LATE"
1667,84,"2026-07-30","09:01:00","18:22:00","PRESENT"
1668,84,"2026-07-31","09:06:00","18:24:00","PRESENT"
1669,84,"2026-08-03","09:11:00","18:26:00","PRESENT"
1670,84,"2026-08-04","09:19:00","18:27:00","PRESENT"
1671,84,"2026-08-05","09:17:00","18:27:00","PRESENT"
1672,84,"2026-08-06","09:20:00","18:17:00","PRESENT"
1673,84,"2026-08-07","09:16:00","18:25:00","PRESENT"
1674,84,"2026-08-10","09:22:00","18:09:00","PRESENT"
1675,84,"2026-08-11","09:01:00","18:29:00","PRESENT"
1676,84,"2026-08-12","09:13:00","18:30:00","PRESENT"
1677,84,"2026-08-13","09:21:00","18:10:00","PRESENT"
1678,84,"2026-08-14","09:01:00","18:00:00","LATE"
1679,84,"2026-08-17","09:06:00","18:19:00","PRESENT"
1680,84,"2026-08-18",NULL,NULL,"ABSENT"
1681,84,"2026-08-19",NULL,NULL,"ABSENT"
1682,85,"2026-07-23","09:07:00","18:29:00","PRESENT"
1683,85,"2026-07-24","09:22:00","18:20:00","PRESENT"
1684,85,"2026-07-27","09:18:00","18:17:00","PRESENT"
1685,85,"2026-07-28","09:06:00","18:24:00","PRESENT"
1686,85,"2026-07-29","09:06:00","18:09:00","PRESENT"
1687,85,"2026-07-30","09:21:00","18:02:00","PRESENT"
1688,85,"2026-07-31","09:05:00","18:23:00","PRESENT"
1689,85,"2026-08-03","09:12:00","18:01:00","PRESENT"
1690,85,"2026-08-04","09:17:00","18:08:00","PRESENT"
1691,85,"2026-08-05","09:18:00","18:27:00","PRESENT"
1692,85,"2026-08-06","09:10:00","18:14:00","PRESENT"
1693,85,"2026-08-07","09:04:00","18:01:00","PRESENT"
1694,85,"2026-08-10","09:10:00","18:19:00","PRESENT"
1695,85,"2026-08-11","09:29:00","18:20:00","PRESENT"
1696,85,"2026-08-12","09:21:00","18:09:00","PRESENT"
1697,85,"2026-08-13","09:18:00","18:17:00","PRESENT"
1698,85,"2026-08-14","09:25:00","18:22:00","PRESENT"
1699,85,"2026-08-17","09:07:00","18:30:00","PRESENT"
1700,85,"2026-08-18","09:02:00","18:25:00","PRESENT"
1701,85,"2026-08-19","09:13:00","18:17:00","PRESENT"
1702,86,"2026-07-23","09:02:00","18:11:00","PRESENT"
1703,86,"2026-07-24","09:06:00","18:21:00","PRESENT"
1704,86,"2026-07-27","09:11:00","18:09:00","PRESENT"
1705,86,"2026-07-28","09:24:00","18:19:00","PRESENT"
1706,86,"2026-07-29","09:17:00","18:26:00","PRESENT"
1707,86,"2026-07-30","09:20:00","18:00:00","PRESENT"
1708,86,"2026-07-31","09:11:00","18:14:00","PRESENT"
1709,86,"2026-08-03","09:20:00","18:19:00","PRESENT"
1710,86,"2026-08-04",NULL,NULL,"ABSENT"
1711,86,"2026-08-05","09:01:00","18:21:00","PRESENT"
1712,86,"2026-08-06",NULL,NULL,"ABSENT"
1713,86,"2026-08-07","09:25:00","18:30:00","PRESENT"
1714,86,"2026-08-10","09:08:00","18:17:00","PRESENT"
1715,86,"2026-08-11","09:00:00","18:29:00","PRESENT"
1716,86,"2026-08-12","09:24:00","18:11:00","PRESENT"
1717,86,"2026-08-13","09:16:00","18:14:00","PRESENT"
1718,86,"2026-08-14","09:09:00","18:28:00","PRESENT"
1719,86,"2026-08-17","09:10:00","18:16:00","PRESENT"
1720,86,"2026-08-18","09:03:00","18:05:00","PRESENT"
1721,86,"2026-08-19","09:24:00","18:17:00","LATE"
1722,87,"2026-07-23","09:20:00","18:02:00","PRESENT"
1723,87,"2026-07-24","09:20:00","18:24:00","PRESENT"
1724,87,"2026-07-27","09:21:00","18:13:00","PRESENT"
1725,87,"2026-07-28","09:06:00","18:17:00","PRESENT"
1726,87,"2026-07-29","09:28:00","18:23:00","PRESENT"
1727,87,"2026-07-30","09:20:00","18:26:00","PRESENT"
1728,87,"2026-07-31","09:23:00","18:21:00","LATE"
1729,87,"2026-08-03","09:14:00","18:22:00","PRESENT"
1730,87,"2026-08-04","09:02:00","18:02:00","PRESENT"
1731,87,"2026-08-05","09:25:00","18:08:00","PRESENT"
1732,87,"2026-08-06","09:18:00","18:26:00","PRESENT"
1733,87,"2026-08-07","09:08:00","18:13:00","PRESENT"
1734,87,"2026-08-10","09:20:00","18:12:00","PRESENT"
1735,87,"2026-08-11","09:00:00","18:12:00","PRESENT"
1736,87,"2026-08-12","09:17:00","18:00:00","PRESENT"
1737,87,"2026-08-13","09:19:00","18:02:00","PRESENT"
1738,87,"2026-08-14","09:18:00","18:01:00","PRESENT"
1739,87,"2026-08-17","09:02:00","18:11:00","PRESENT"
1740,87,"2026-08-18",NULL,NULL,"ABSENT"
1741,87,"2026-08-19","09:25:00","18:21:00","PRESENT"
1742,88,"2026-07-23","09:02:00","18:09:00","PRESENT"
1743,88,"2026-07-24","09:14:00","18:12:00","PRESENT"
1744,88,"2026-07-27","09:21:00","18:00:00","PRESENT"
1745,88,"2026-07-28","09:17:00","18:07:00","PRESENT"
1746,88,"2026-07-29","09:12:00","18:25:00","PRESENT"
1747,88,"2026-07-30","09:17:00","18:09:00","PRESENT"
1748,88,"2026-07-31","09:04:00","18:09:00","LATE"
1749,88,"2026-08-03","09:29:00","18:30:00","PRESENT"
1750,88,"2026-08-04","09:23:00","18:20:00","PRESENT"
1751,88,"2026-08-05","09:30:00","18:00:00","PRESENT"
1752,88,"2026-08-06","09:17:00","18:04:00","PRESENT"
1753,88,"2026-08-07","09:00:00","18:18:00","PRESENT"
1754,88,"2026-08-10","09:17:00","18:17:00","PRESENT"
1755,88,"2026-08-11","09:09:00","18:06:00","LATE"
1756,88,"2026-08-12","09:28:00","18:23:00","PRESENT"
1757,88,"2026-08-13","09:13:00","18:28:00","PRESENT"
1758,88,"2026-08-14","09:16:00","18:04:00","PRESENT"
1759,88,"2026-08-17","09:07:00","18:19:00","PRESENT"
1760,88,"2026-08-18","09:06:00","18:03:00","PRESENT"
1761,88,"2026-08-19","09:25:00","18:18:00","PRESENT"
1762,89,"2026-07-23",NULL,NULL,"ABSENT"
1763,89,"2026-07-24",NULL,NULL,"ABSENT"
1764,89,"2026-07-27","09:17:00","18:14:00","LATE"
1765,89,"2026-07-28","09:02:00","18:09:00","PRESENT"
1766,89,"2026-07-29","09:08:00","18:03:00","PRESENT"
1767,89,"2026-07-30","09:18:00","18:15:00","PRESENT"
1768,89,"2026-07-31","09:11:00","18:04:00","LATE"
1769,89,"2026-08-03","09:07:00","18:03:00","PRESENT"
1770,89,"2026-08-04","09:02:00","18:28:00","PRESENT"
1771,89,"2026-08-05","09:15:00","18:14:00","PRESENT"
1772,89,"2026-08-06","09:21:00","18:09:00","PRESENT"
1773,89,"2026-08-07","09:04:00","18:18:00","PRESENT"
1774,89,"2026-08-10","09:25:00","18:10:00","PRESENT"
1775,89,"2026-08-11","09:05:00","18:00:00","LATE"
1776,89,"2026-08-12","09:25:00","18:07:00","PRESENT"
1777,89,"2026-08-13","09:20:00","18:13:00","PRESENT"
1778,89,"2026-08-14","09:11:00","18:04:00","PRESENT"
1779,89,"2026-08-17","09:10:00","18:28:00","PRESENT"
1780,89,"2026-08-18","09:14:00","18:11:00","PRESENT"
1781,89,"2026-08-19","09:15:00","18:17:00","PRESENT"
1782,90,"2026-07-23","09:20:00","18:19:00","PRESENT"
1783,90,"2026-07-24","09:08:00","18:27:00","PRESENT"
1784,90,"2026-07-27","09:28:00","18:17:00","PRESENT"
1785,90,"2026-07-28","09:23:00","18:28:00","PRESENT"
1786,90,"2026-07-29","09:23:00","18:02:00","PRESENT"
1787,90,"2026-07-30",NULL,NULL,"ABSENT"
1788,90,"2026-07-31","09:20:00","18:00:00","PRESENT"
1789,90,"2026-08-03","09:18:00","18:12:00","PRESENT"
1790,90,"2026-08-04","09:06:00","18:29:00","PRESENT"
1791,90,"2026-08-05","09:08:00","18:17:00","PRESENT"
1792,90,"2026-08-06",NULL,NULL,"ABSENT"
1793,90,"2026-08-07","09:20:00","18:24:00","PRESENT"
1794,90,"2026-08-10","09:12:00","18:07:00","PRESENT"
1795,90,"2026-08-11",NULL,NULL,"ABSENT"
1796,90,"2026-08-12","09:27:00","18:09:00","PRESENT"
1797,90,"2026-08-13","09:16:00","18:16:00","PRESENT"
1798,90,"2026-08-14","09:11:00","18:16:00","PRESENT"
1799,90,"2026-08-17","09:07:00","18:27:00","PRESENT"
1800,90,"2026-08-18","09:19:00","18:21:00","LATE"
1801,90,"2026-08-19","09:16:00","18:04:00","PRESENT"
