"id","employee_id","name","email","password_hash","role","created_at"
1,"EMP001","Test Employee","employee@dayflow.com","$2b$12$xGlG9UzzmLjWFHcS6CGUxO/ZZZsYG1ST8GGoREYXc3tubdwB.XR7.","EMPLOYEE","2026-08-22 10:14:34.161987"
2,"HR001","HR Manager","hr@dayflow.com","$2b$12$xGlG9UzzmLjWFHcS6CGUxO/ZZZsYG1ST8GGoREYXc3tubdwB.XR7.","HR","2026-08-22 12:19:48.654537"
3,"HR002","HR Manager 2","hr002@dayflow.com","scrypt:32768:8:1$B7WslpCypDxTCYNB$ed1a72d8c25c057639f87bc159801f373e187aac0ccbb760c3472d6768a60acb007615803f1d1dd314967ec76bc026b091b88a1ea09ddcdc9132ab56e0a4deb6","HR","2026-08-22 07:34:28.955775"
4,"HR003","HR Manager 3","hr003@dayflow.com","scrypt:32768:8:1$Bp13MYHwfnDVcbu0$713f790ef8369bb38c0c71396a8e5bb28678626ec769f1ccd9954a1b208fdf22fbba0a14bf581cbf3ac3f021e1284ba273b0eec9f04743a4f6842482608320f9","HR","2026-08-22 07:34:29.049492"
5,"HR004","HR Manager 4","hr004@dayflow.com","scrypt:32768:8:1$XrcKAue0GcIewhxh$7be45373211dec3c39ec1666d5b9857bb7bbffaab80d0a0af709a6ea0c3fa13f8340725e8b2bdf538240f0b894462cc68f7901658e9413a9a4dd3d4307382fe4","HR","2026-08-22 07:34:29.137558"
6,"HR005","HR Manager 5","hr005@dayflow.com","scrypt:32768:8:1$QUP7oQWtvWKbv0m7$2db9c6912d6a3f3796328aad937fa118ee8bffa23f233027539c1979a87eea291aabbd2d86b3b06824ffd73037dc952de7692f5cdc164644bcbe9cd9d995b382","HR","2026-08-22 07:34:29.224986"
7,"HR006","HR Manager 6","hr006@dayflow.com","scrypt:32768:8:1$h3CHugBxfsLBVYyw$305b1e57f24c1f623b56f0c78f236f2beb1468bce58a4b0e0351cfcd8821dfdf3013844d4c8eca9994456198e59dc5436ac357fc639c80f7a62a5dd915f75965","HR","2026-08-22 07:34:29.313431"
8,"HR007","HR Manager 7","hr007@dayflow.com","scrypt:32768:8:1$nHFRe9gsb6cDKNoa$a5cc7a806d41574138affe5c67c81f8f87b7773e02b2d1be6e3eaa46b2ebbd466f13551710f9e9d7f8babc5c3c09256e51563f662264ff777da3860ed653431e","HR","2026-08-22 07:34:29.402232"
9,"HR008","HR Manager 8","hr008@dayflow.com","scrypt:32768:8:1$q9Y5cz84BIRCNy6w$ba7fa8ca1ae7a11c7e450db936eae14ce7766ccde14825a71e3e8c57613431c751b133e6204328f7a93a54fb486dd881d176d2c2012a6e078130edddaaecaade","HR","2026-08-22 07:34:29.491961"
10,"HR009","HR Manager 9","hr009@dayflow.com","scrypt:32768:8:1$SkJB1YplzHWlDilv$725c74920d35ab3ed794db18429927460c021d1f8332aaca79921d61ff1c6399c2478087474f4a8c66c70bc82d6a11311c8c9c564ece7b2d93b078fd0fe11bfe","HR","2026-08-22 07:34:29.587122"
11,"HR010","HR Manager 10","hr010@dayflow.com","scrypt:32768:8:1$DpAinlTLwDsfwEMO$94b968b8acbeae2db1285529dd0652cdffeca694aa3b26fb0ff7a4552b776c4edacf351fca115e80d6117ac9d7cba0c5bc8c75bca2cb1045c63a5344b65dca35","HR","2026-08-22 07:34:29.676774"
12,"EMP002","Pooja Kulkarni","employee002@dayflow.com","scrypt:32768:8:1$YofpRQGu2ItCi7aU$ea0ae0e5872f77c733e582ae0aed01b82ba7226d5ac8dfb42ca80993f379a30ef0ec2b591ca0d4765eb6c6927bd2b3c920c09f209bf884a81070cc7bd4faad76","EMPLOYEE","2026-08-22 07:34:29.772464"
13,"EMP003","Dhruv Kulkarni","employee003@dayflow.com","scrypt:32768:8:1$S5bB8x2Ey8vKvuVa$2f2a6c9a9b03def457f8acb9ca44734227947ca88389d721a9c3c1b84f5ed57d187470a6deaca997aafb4629bc62c17bddfab3ad9ba3835fa510b93b01e4024b","EMPLOYEE","2026-08-22 07:34:29.87119"
14,"EMP004","Akash Patil","employee004@dayflow.com","scrypt:32768:8:1$aFNQvZjjDMvf3mZD$9ff0a77d5f74af9254f89d2519b46c3adb6188eef09b14dbdea5561d89a143340d34a11d60bfa914ad28624fa1243b4fff7a56da41b7fba93f4d574933a10a6f","EMPLOYEE","2026-08-22 07:34:29.960773"
15,"EMP005","Neha Patil","employee005@dayflow.com","scrypt:32768:8:1$8lHIHcSuSprtwHwo$98650f89020202542ea48f89dcbaa131bb51c477ac879b3ebec7205da912ce7b8dca8596c8ce204eee2240578723f0840a46766963edee1976d18a2440344141","EMPLOYEE","2026-08-22 07:34:30.049568"
16,"EMP006","Shreya Thakur","employee006@dayflow.com","scrypt:32768:8:1$L0wi0AXURe46hlTX$2796f92a51365e2e403ab0ce2dfdacf5af51dc7b0d0e4afa5abedf8f1ebb0de89c621c89d29e14bd90b0f885ad34c081ae5eb6ca715842970d86cab71c749ed6","EMPLOYEE","2026-08-22 07:34:30.136472"
17,"EMP007","Rahul Patil","employee007@dayflow.com","scrypt:32768:8:1$MNjjNDRg035m6aEN$fb90caf444f2350a36d6a4e62fa0f4b2889daacd931626d073f99649ae79ebd76d9f76523fedfd6abb3de6dbbf3a16688aeb5a07a8e0b48b10876ed287f3dda9","EMPLOYEE","2026-08-22 07:34:30.226955"
18,"EMP008","Sameer More","employee008@dayflow.com","scrypt:32768:8:1$LS2LmXyrEu1nOVLN$9bab238b376cd364ef775f0c13aa3ac29e3674f1d43ef2b4ef78e23c422eae089d58c7e96803cf49a2cd2f94fafdeece44ec84dcc01eadca0c59c7d9c70e9420","EMPLOYEE","2026-08-22 07:34:30.313684"
19,"EMP009","Aryan Deshmukh","employee009@dayflow.com","scrypt:32768:8:1$JBP2Ec4F8asaFQua$402bb6d6021a35d43457ac91df8077044de83ea5abccea0f4c1b100a69a2719380b8294298d8afce41f3e0db6e54bf9d89299d5aedfeb4d860d374e4d07558ff","EMPLOYEE","2026-08-22 07:34:30.401553"
20,"EMP010","Neha More","employee010@dayflow.com","scrypt:32768:8:1$VYLSN66zYhh8DYF2$6ce25e57f6027cada515add1820408923e41bf5977caea03175d4ac0cf79ec96063ed199aa134a4248360158e181e8fa606c9fd343077eb6043ae7d4c8e34aaa","EMPLOYEE","2026-08-22 07:34:30.489792"
21,"EMP011","Diya Kulkarni","employee011@dayflow.com","scrypt:32768:8:1$shjYF2IZbp3vfNJF$2e1644ae1201c0668e6ed0ae8873819f42272c127b2bba0d61f5d76066a859005632de516a12c3b134cd1ebbd06195e8256f2dc1cdb9b948e495dd91ecae0908","EMPLOYEE","2026-08-22 07:34:30.577796"
22,"EMP012","Pooja Gupta","employee012@dayflow.com","scrypt:32768:8:1$5FhMHIZRPdT9YxwI$15654727794298f18e0a02f6f7d33c70f84cda00250f10bcefc317e9bfdfbb55140397205b022e8ef1928c605ddccfc5a4daa4d002be80d9c1fa525467510e06","EMPLOYEE","2026-08-22 07:34:30.66597"
23,"EMP013","Simran Deshmukh","employee013@dayflow.com","scrypt:32768:8:1$5Dki9lVd0XcarkWx$742c61e91830c85f7a1992cea3ea95d4fea1349da8f4ef6f089116a3771517ac61c8ea07e8ac2a30534bd30822baa5ba1340064a141ac50b3a9ef8b7c920bd35","EMPLOYEE","2026-08-22 07:34:30.753067"
24,"EMP014","Arjun Garde","employee014@dayflow.com","scrypt:32768:8:1$7Vo06L2FihX7TymT$e2096de2620ae8e5f4b83c5a9797b70a563c5583c9d7e5fcd0f85aa813e15da0a57fa956366b0a70ede29d55a25c57b3637b1d4273705d22193a1a4edda7958b","EMPLOYEE","2026-08-22 07:34:30.841316"
25,"EMP015","Vivek Kadam","employee015@dayflow.com","scrypt:32768:8:1$0qNrAC0EHV7xmZPO$36cd04b82e28dce53b7fa16f3c4b75f1cf52f2dfdfdc043d477368140ffadd365222ce1229d85dda6a929972b953b5aaefbe28ec17d341c3d5f2479d236a39d1","EMPLOYEE","2026-08-22 07:34:30.928515"
26,"EMP016","Riya More","employee016@dayflow.com","scrypt:32768:8:1$YzPDLsPOIe4OG3FW$59ee06e38df60751a9d79059438deb99a51f5a52f55d2e5e32867130ffb00d9cd7c98348e33c9272e34dd647bee32aad3e558539b47eb8cd7412e43ee0c30236","EMPLOYEE","2026-08-22 07:34:31.016496"
27,"EMP017","Karan Thakur","employee017@dayflow.com","scrypt:32768:8:1$t9aAo0QY9udiAfQP$c813bf1677d13e91825d5b10fc453abaa5eda914cbcad2e004ee0803916f38715a137352b6c29dcc901aa4fe9574e2edcea435ed49f13adeab528293ca7dae4d","EMPLOYEE","2026-08-22 07:34:31.106136"
28,"EMP018","Siddharth More","employee018@dayflow.com","scrypt:32768:8:1$aj6FAz0INQF5vg5Y$48f7f4e7ac7d1a709cd4419a2c66f4cc2d8bde5363cfb933a63d0a7cb4631df45455e8cc1fa2deb24033af4ed835c1d31b921c693549f92ed3633eea0e19f89b","EMPLOYEE","2026-08-22 07:34:31.195467"
29,"EMP019","Zoya Sharma","employee019@dayflow.com","scrypt:32768:8:1$SAFmX992oNI3ReNN$88deb35b78e92a23299f9bc970fff1647c93d556b66759ba2a37c0ec0aba6178c24796e4bd9d3149118aab61a7d61ecd70ab7460dec9c2f0a8e601d2a29d3de3","EMPLOYEE","2026-08-22 07:34:31.284033"
30,"EMP020","Sumit More","employee020@dayflow.com","scrypt:32768:8:1$4UTizuYAjW9YBhMF$e613125ecf9414851ac267eb2060150f27a7ebf4f06b9ed229eea252851a71fa05ba381e44a57263a51b541126a4f4f4e9873b3b526040fa48761cea16d9df9e","EMPLOYEE","2026-08-22 07:34:31.372363"
31,"EMP021","Sahil Jadhav","employee021@dayflow.com","scrypt:32768:8:1$JSbvYvJlDR5H2J1o$e287ad8aa0047b987db417c1a620897f320b4cd1678e4ce52d6a72b9f94b050451dbbb8f06dc7eb60570eaff5745caf4f221db4072840928d8e86e4aa31333f1","EMPLOYEE","2026-08-22 07:34:31.459495"
32,"EMP022","Vivek Joshi","employee022@dayflow.com","scrypt:32768:8:1$6X0rm5BMsgRh7Jqm$ec0f94e12a188d8345dc43ace587f3ab698f9824d46f267e492941eb7d8618de66609e72b53bd3016b0cf59045b1b6a7e5e8ccd46fb2a450c82a0d8099dee386","EMPLOYEE","2026-08-22 07:34:31.547127"
33,"EMP023","Isha Thakur","employee023@dayflow.com","scrypt:32768:8:1$qsdO1F1BF9lprara$afbb61c14cc02e1ae8407b09243504e8bee163707ca1aed5490c2250aa4a817c2d0cd801b1181a64e4260b7b51b2da52d3fe6a7da94af4f6f6b75f9d22da3e19","EMPLOYEE","2026-08-22 07:34:31.634157"
34,"EMP024","Meera Bhosale","employee024@dayflow.com","scrypt:32768:8:1$TJHrZ4CrHsMzI9XG$e368d77be2874a1c1f7a2143f202edba6e66ba804b2e1ae345af0f928c7de8c189bca30358adf8f7a4a49622412fa3a81cc24ab95addb59a9234ef41da8decc2","EMPLOYEE","2026-08-22 07:34:31.736771"
35,"EMP025","Ananya Deshmukh","employee025@dayflow.com","scrypt:32768:8:1$I2OIgaTsWLAfxUS1$0f2bcd77be0fc6dde633e24a7438434e60a6f1d086625c5108612b38ca81c5d9aca592b6fc068cbb5cb7d3a3e548dbae80a420dc2d713ad75efb1616fddb8333","EMPLOYEE","2026-08-22 07:34:31.823817"
36,"EMP026","Pooja Pawar","employee026@dayflow.com","scrypt:32768:8:1$yCqPxOQu76dL5S4F$5d23a3a3f833b3f97a88711343c4e98d03077324b8ca7b789b41469865b423263746c2eb76197badc9971b0c227b7999d8c648f5629ab0b9e9bf60572752964c","EMPLOYEE","2026-08-22 07:34:31.911713"
37,"EMP027","Siddharth Bhosale","employee027@dayflow.com","scrypt:32768:8:1$VQ4P8WGuTDkOhjvk$cee679590b90b765f83dbf61fa5de03d340ed20af691080b88a6d4e0c6c3d2ca15200efb9c6571ae9119ce34a06ffc8bf671e3fe5bac0349edda43137bb5a822","EMPLOYEE","2026-08-22 07:34:32.00074"
38,"EMP028","Isha Patil","employee028@dayflow.com","scrypt:32768:8:1$JlqXvUBCm8fg1JsO$2197fce626dc4472495cc1628cbb5f5d632a41a6837aabd9f48f6ac841c71ba0ada528e7e4b35cc1977a7a426cb72ea43a73bebfebb13f8ea7dfd41d0c0cf137","EMPLOYEE","2026-08-22 07:34:32.091211"
39,"EMP029","Vaishnavi More","employee029@dayflow.com","scrypt:32768:8:1$HQzHEMFDOLUgHpWX$df2c65b6751ebe3ee3200d44d12336545a6de0a6dfe8dbb85e262a2f979db9ab295447784a1e7db2a06454bc3689cc68127e2042686bfd12ec29fce0e9a8a40c","EMPLOYEE","2026-08-22 07:34:32.176333"
40,"EMP030","Tanmay Pawar","employee030@dayflow.com","scrypt:32768:8:1$OqmxFc9Ejt8988wf$0d7e42a1d4b9c6196dc7250d6be614ad4783f1dfb0e5f9abcba9ed334153f6d0d62823d0de2bc4aa8c24ba1fbbc1c2881ddfc6897532d2613ee567bc8e013bad","EMPLOYEE","2026-08-22 07:34:32.26171"
41,"EMP031","Pranav Mane","employee031@dayflow.com","scrypt:32768:8:1$1kumvngBwHWQDrU8$4abd0d2c138c4ff2d1ed6ff49b6e660930d673d7d0744d48b3d0233d6543ac8c277810b552a56f453798a751f68335307499d4711a2c58062a50bd5b52415cf1","EMPLOYEE","2026-08-22 07:34:32.347411"
42,"EMP032","Pooja Shinde","employee032@dayflow.com","scrypt:32768:8:1$8DXkvmt6vXTj8I6S$d0105fea8ee685cde3aa19ccb0245702ff75d4d1f8b1b6d44cdd7f8c6a4622bf4f4dccf5b96c37c257b073fe0b0813ac04b0368f37afb203cefa967a0b5d48cd","EMPLOYEE","2026-08-22 07:34:32.43292"
43,"EMP033","Vaishnavi Pawar","employee033@dayflow.com","scrypt:32768:8:1$JZTqKnMjYiVG1qNu$2bd3e909cd51bd46fd61b35592bc4e07bbf7142bbc34c734a2d0c37dbcf54b3a2d4e8f313b0095f39fbe6ba9cfeb0b0ca668179a31223c712ddc22e20e3c8ca2","EMPLOYEE","2026-08-22 07:34:32.518808"
44,"EMP034","Sahil Naik","employee034@dayflow.com","scrypt:32768:8:1$uWoJJfC4CEeUa8UU$d1efe79683e93f9b08ffdb0be25b2f0f56c291d73d16ea8b818ad0d9e73497e8997a379d9c1fad715f97fa9b2c9bc21cb0ca2308f4e86c5097833f00fa3f0bf6","EMPLOYEE","2026-08-22 07:34:32.603558"
45,"EMP035","Nishant Sharma","employee035@dayflow.com","scrypt:32768:8:1$dHqBfvG2QOVOYjNd$5dd56ae7d35bfbb0eb5b1f7ecec4e11b8ca12fbda34341ebeede2c5ef32a113b30e1bf50ce3519573fd48b31584df5f9f798cb32a3c64d6402efe6dede201f77","EMPLOYEE","2026-08-22 07:34:32.689525"
46,"EMP036","Sneha Naik","employee036@dayflow.com","scrypt:32768:8:1$kUkh2w5WQDCfPb1W$ca02928b16527d07ba540d28689680305be9b48839a7a1c64896481f4bee95139307c475e0dcc52ed5fe4631ae9f1189f91e5dd962f68e60f1a56e33c2d281a7","EMPLOYEE","2026-08-22 07:34:32.775376"
47,"EMP037","Zoya Joshi","employee037@dayflow.com","scrypt:32768:8:1$csMO2ijOnaBAxyeH$403ffb62450512ac45388888103382f7485c6fbe90260952dfb5d66b674b07ca1dbf0490f2e4364af33e13ab75d99c4071c731ce5a919db6c81f11e823df2c01","EMPLOYEE","2026-08-22 07:34:32.86049"
48,"EMP038","Karan More","employee038@dayflow.com","scrypt:32768:8:1$UJNfr1vnI9ltSEXY$49808eb81f35affe460213815d75ef78778c36a24ac61f66af4c0271d812475ee1730e815882fb4d63471fbb3704fef267c82b11b9c10a5d264363b0b69f2cf0","EMPLOYEE","2026-08-22 07:34:32.945878"
49,"EMP039","Diya Jadhav","employee039@dayflow.com","scrypt:32768:8:1$uHC6Uh6PVrSjtEGB$9ffb25998326de41d2a08f61e65d71f6672f757fced73b27a24499ab3d12685d79efb96f5f69b81277e733090e98d4563dd7bf1d63f6d75011ce55cea1f6888b","EMPLOYEE","2026-08-22 07:34:33.031783"
50,"EMP040","Priya Kadam","employee040@dayflow.com","scrypt:32768:8:1$IpdhHk8Iw5nonWFT$27de941da0897e4cd79cea21d3f42d311ea664913bb35a758868394b168070534ba3165dff5342e0861d526f71c89468f1a4154f7600d5c0c9eb94666ae845b4","EMPLOYEE","2026-08-22 07:34:33.117373"
51,"EMP041","Nishant Garde","employee041@dayflow.com","scrypt:32768:8:1$LwMQ1XABxccFFChX$af85c7789ab1661afa62065fb8d20127df10926ed43f42dc0fe1e44e93b2b94aee6e638a9d3b41508b5ea03db889c755e51812febdf0df6bee7ba62ccdf2aef2","EMPLOYEE","2026-08-22 07:34:33.205375"
52,"EMP042","Isha Garde","employee042@dayflow.com","scrypt:32768:8:1$NREmr3UW4JbQsnDk$bdc2c166c4fa77492cd558d4c6360794a1d8f898c0f3bc0e34d0586a4dd4958d6947a026ac8d194bed1fe286c780bea5aac81bbcb50f7bac20aedc8f90de3886","EMPLOYEE","2026-08-22 07:34:33.291475"
53,"EMP043","Simran Sharma","employee043@dayflow.com","scrypt:32768:8:1$z5hsfV4smEL7pqbr$7edb3cd43a23667425bb2042aacfc768b2930c3a494d4ad2e97f52d0b7ee07367bd7642ff17428a66926bc819011ae3cae98e630e1cde5a4ee3129561535dfc1","EMPLOYEE","2026-08-22 07:34:33.376892"
54,"EMP044","Aniket Mane","employee044@dayflow.com","scrypt:32768:8:1$GU0DRYjy4goIkWJs$897e40feaf73c0b94621ad574f895e4d9d1373856a8dd0a780c432ea8c8091f058099dee0a85f55bb6b9934587cb63f42c661da4c2652a51ea5ed1240e30481f","EMPLOYEE","2026-08-22 07:34:33.462463"
55,"EMP045","Mohit Thakur","employee045@dayflow.com","scrypt:32768:8:1$Pxy3aiU9xmms1tPd$7f590e9cc2919e82d76212f86a8e6f45a1275410746f37bb484ef00eae2e4d192ff5c7080fa3f7074868397e23f7f88f8f9c5ee8dce000c5aaf11948a369b20b","EMPLOYEE","2026-08-22 07:34:33.547022"
56,"EMP046","Aditi Garde","employee046@dayflow.com","scrypt:32768:8:1$5Hg0eqSq1a7vovd8$286aaa0777b4323af9918aca3fbddc612423947bc110a6b8f0cebae3c213a7ad58ab8e3554d75acbf2bebc2359e10dc40717fb4fb8abe83567aef1e7c72d7160","EMPLOYEE","2026-08-22 07:34:33.631035"
57,"EMP047","Manish Kulkarni","employee047@dayflow.com","scrypt:32768:8:1$3pCwhdOvT3H2Iiik$cd886d4b6248ae49646248c3115434ffb526569729eaf967ab2b82b53ea47050161889bc77c3603ee8683bb494eda06c04d33b722d8259892fedbd0c1d24f540","EMPLOYEE","2026-08-22 07:34:33.717102"
58,"EMP048","Suraj Sawant","employee048@dayflow.com","scrypt:32768:8:1$AwxF7FG5cBnOgOk7$bd0c160e55d25f542715788153a2c8da092604b8c2840036a861a4874369aa574c0de0171c6b47a2fb999df2c11ab5761549722fd7ad992eb56564929cdd4926","EMPLOYEE","2026-08-22 07:34:33.801102"
59,"EMP049","Priya Kulkarni","employee049@dayflow.com","scrypt:32768:8:1$yKB4V2NnD3eT7AsJ$2c4d7c7115ca96248a93f0250e4bb212781f045d878eb4fdb28b9c28aea18bd1b9fe20540d3531085255f712968581e820faeb3be74190fdf50b3a896b4fd0de","EMPLOYEE","2026-08-22 07:34:33.886182"
60,"EMP050","Aryan Garde","employee050@dayflow.com","scrypt:32768:8:1$qVf0qk4VjLrlSnYC$dd5ee43d0e9bb986d0cceb35d7392b14fdb7ca0c08a0656d6f4816f2530818d99f866d2304d9e27f85b65bec439644f078d9766f465153aa52b001f738963596","EMPLOYEE","2026-08-22 07:34:33.980779"
61,"EMP051","Dhruv Gaikwad","employee051@dayflow.com","scrypt:32768:8:1$JinZ0TRsPd1kVcqg$eaadf8062475a7f2207a88b3f9a948a411c2ec157c070ca5804fd14bc617b55ef2e350b831a3638c02c5064f3590c34715d6782de96a13c05ea02a974951fc89","EMPLOYEE","2026-08-22 07:34:34.065436"
62,"EMP052","Aniket Sawant","employee052@dayflow.com","scrypt:32768:8:1$rQsGmU1J7q6gyvmj$9936e985aaa4b11bbdc995b589071522c13c68990f32888ab279e375ba4d3bb2b37c5c82ccb410fd95465e5fc08ca21dfd477ca41cab3644386430aea7e9032f","EMPLOYEE","2026-08-22 07:34:34.151437"
63,"EMP053","Diya Patil","employee053@dayflow.com","scrypt:32768:8:1$1RXuZHnbLU7M5WsG$b1273816989edeb281ca4b08d81f266e78300347eb1c433f2aff8ed7d56ef6c7e40e1782f42f7885936746037c3913b64f84c7fec00a9efb3d20d7d35faf5264","EMPLOYEE","2026-08-22 07:34:34.238379"
64,"EMP054","Ananya Naik","employee054@dayflow.com","scrypt:32768:8:1$6nFhlgtDl6OaZszM$b5da039e3bc8ee72c6a725a23445c564677800c3cdc19fb0035813bd019b1e62f3478d51b78d1c2080d33e288ceea8638f9bd029d912a49f2df4dcd67f13cb00","EMPLOYEE","2026-08-22 07:34:34.323123"
65,"EMP055","Siddharth Patil","employee055@dayflow.com","scrypt:32768:8:1$C2nuZHdcfOW0JPY9$d286583f1b284189b9ed64c2672554f69d5841a51fc84d146c25bea97a12cb5e93b17a714d5c872ea58a3561bc3e26ab733fb5b5acceb836c3e1b413ec7391c9","EMPLOYEE","2026-08-22 07:34:34.408462"
66,"EMP056","Vivek Shinde","employee056@dayflow.com","scrypt:32768:8:1$AxyklAwrpwCbGoG9$e5cb2f72555e4cfc4da583e7640e695658a56861786e314c1f9e271f41070463eeab66b1b9484fbaa4d95c3a2a5963f196f19e4d80a5a1c0f0a75178a570a05f","EMPLOYEE","2026-08-22 07:34:34.492303"
67,"EMP057","Isha Naik","employee057@dayflow.com","scrypt:32768:8:1$BMucdYxOKvYG6LhR$b34731ee9d9cbf2ba80a1eb38a3064709b3b2529a64838fc3275773789015075354160c41fd564a31b3c7da1ead508b3bc79851ade153d0fdbf601939a0b4f8b","EMPLOYEE","2026-08-22 07:34:34.577265"
68,"EMP058","Amit Verma","employee058@dayflow.com","scrypt:32768:8:1$ONUoCEmgrxSBvmbX$90af572b98691ad74547603e8aa91384cc8cb0079cdcdef6b3e363fe6460c86978b43b20c490604b368d3205993150716bbf8a94ae20b0a0aebb852bf02cb9c3","EMPLOYEE","2026-08-22 07:34:34.661985"
69,"EMP059","Amit Sharma","employee059@dayflow.com","scrypt:32768:8:1$LCskh21vHqa7CRrW$4d98b54c40b04b6c130c5cc25721afb2b1f2eb663d86eaa3c82bd3c4e136c6b2af65d739002aeeadb8bfe4ae6916a9995351f20703b72bae9b736b90a874b3f1","EMPLOYEE","2026-08-22 07:34:34.750269"
70,"EMP060","Karan Sharma","employee060@dayflow.com","scrypt:32768:8:1$u7SCwPBapL4F3NRb$e61b51b50610d4ddbf6125308d92af96baba3943b923ed1f8d2dcd6ff7f7ad2f3e23b0921ff53cb760683c1a8bbb152668a4eec578f52f48c6e7f26637dd8a85","EMPLOYEE","2026-08-22 07:34:34.872434"
71,"EMP061","Neha Deshmukh","employee061@dayflow.com","scrypt:32768:8:1$xesx86t0VfKr0Sni$10a276a9bfccd96943239e6acc6abca4b0171f77e3b604733d90f8aaa0533b27cd1b17714bf4142f95c971c4c038e898b609ca9cec273cc5dffc63daf2afee28","EMPLOYEE","2026-08-22 07:34:34.969897"
72,"EMP062","Kavya Garde","employee062@dayflow.com","scrypt:32768:8:1$0f2mRe81gXzST68g$6094ca3314df907b2c96ac453ae98720f11a411ed191c49d3c33fa320485fe7dbbe35b3990afaf81373d99b54a57052194c920f87084c77794853334c9d5b303","EMPLOYEE","2026-08-22 07:34:35.07176"
73,"EMP063","Arjun Gaikwad","employee063@dayflow.com","scrypt:32768:8:1$iYsvZnpKSUq4WV5w$4f93d0bc48cab99f5ca9e63a71589658de05dd24b8a9aa3640e2451707b4184261b95083fc71acc0def74b33251f068780998c06751fa97aa145c0a752c559db","EMPLOYEE","2026-08-22 07:34:35.169052"
74,"EMP064","Riya Chavan","employee064@dayflow.com","scrypt:32768:8:1$InsxzVjALtG6Hr7I$c7d5f50be9a646648ac3f9adfd40ea7be10fc487c47f2bb94c058fcf5d64104aa3513527d2b794090ebb0f2dbf8f8203ab5d789becb343c4764602ec842c5382","EMPLOYEE","2026-08-22 07:34:35.259003"
75,"EMP065","Riya Shinde","employee065@dayflow.com","scrypt:32768:8:1$bJer2Cya1A1c4RUI$6079779d98aa0f5a87fad124468bddbf6182c2c50755e4da2777fd71517dd2ec25866c25a56bf1623ec61b55eaf15197c5e0c991b7c8985be5f299a3095fdedf","EMPLOYEE","2026-08-22 07:34:35.351935"
76,"EMP066","Aarav Sawant","employee066@dayflow.com","scrypt:32768:8:1$gTlt6oD6M4cOciFx$e3e827539cac6877c5fed445906b30c85e35037ebb54d429daa37174a6d912cf238a0392256db9511971bac7573338894a2dbaf2bcb6afacf642768b8d8dcfe9","EMPLOYEE","2026-08-22 07:34:35.442682"
77,"EMP067","Diya Jadhav","employee067@dayflow.com","scrypt:32768:8:1$ArLTtQ5wktBmvTG9$db5b6133e8c77aaed377dd18cefa4a440e96d00075810fafe5cf91da0e1defe78acaa3caa09683ba43e819b34e5cc547c33b61a905cdc3fb7a0a4516f94fd09e","EMPLOYEE","2026-08-22 07:34:35.533643"
78,"EMP068","Aniket Garde","employee068@dayflow.com","scrypt:32768:8:1$MnVNPAHxUGTC7fxo$75c07c04deecd5dfa7545776fec936376928da1e52305617f46dce64d3019218e8bdb9603393044bdadcbb446fd7feae2888851f372f3cdf26dd179b677aa761","EMPLOYEE","2026-08-22 07:34:35.623487"
79,"EMP069","Diya Shinde","employee069@dayflow.com","scrypt:32768:8:1$PMOnYE2NDq5iWNYP$63eea487c29776b6d4dcb595ca7bb2b1539ab65b272fd24042604b1065a7ee9c09cdf1d154381fb500b3da1c30d4343e0ad1d93ffc6d9b3958059f2772482245","EMPLOYEE","2026-08-22 07:34:35.713953"
80,"EMP070","Riya Thakur","employee070@dayflow.com","scrypt:32768:8:1$KjHHd4tVUk93dH0J$40fd6136e09978c65dbddafc296dd6c417ece4008c71f08155929f37b25c185fd8d37e01446afe9af19a15a69c5177652e4d426d0c8b009a339f41de2dabc35b","EMPLOYEE","2026-08-22 07:34:35.806784"
81,"EMP071","Pranav Kulkarni","employee071@dayflow.com","scrypt:32768:8:1$rRnn9oVFu3TZONyz$d243a318e5334b337307075e492c9d96811c45659ea9b1e61d864c158b3a0ec959d8b695a7657956de9d5141c021dc0b7fb77dfa31e22835330df8075ead69c0","EMPLOYEE","2026-08-22 07:34:35.896213"
82,"EMP072","Rohan Gupta","employee072@dayflow.com","scrypt:32768:8:1$NSU5ypmBaTDNDOUd$6063385cfaf16e7e33b922b105d6f256a80985d6d3d4d0e5ea3a9d64f0950704315c50f4767cba86a47d65b6c3150f990358103b66c59238f716725fc2ecace0","EMPLOYEE","2026-08-22 07:34:35.986398"
83,"EMP073","Sakshi More","employee073@dayflow.com","scrypt:32768:8:1$1xQb5gMLFQ9BDGyW$0ffa224b34b0ea1596a974c807d0526a45d51541a27141d6eb806d6aff825d68eededdbec91f701a7ab81e7bf2a46451c363968093c10bc44993cadb24268421","EMPLOYEE","2026-08-22 07:34:36.075709"
84,"EMP074","Arjun Gaikwad","employee074@dayflow.com","scrypt:32768:8:1$akvcporbtuwbEoAt$6e304a3da69e33c9f45a204714a94297dc162e432b81788f3c41a3ff7088963a36908010002bcc5367edbff979b9f53b4747ca6084ccda7aeb0d7b8aec0ad203","EMPLOYEE","2026-08-22 07:34:36.167596"
85,"EMP075","Sameer Joshi","employee075@dayflow.com","scrypt:32768:8:1$MyUbbh0QRB1KwEYQ$208f48115f7614c1748f0e2f24feb941ab3e088c34dfc22c8fe49416e1e6d02d7686a46dc33da17810a5c2346e11d0fb57a4ef8d5a53397d68900bab48062097","EMPLOYEE","2026-08-22 07:34:36.260593"
86,"EMP076","Varun Thakur","employee076@dayflow.com","scrypt:32768:8:1$5TSghgnIBhbzhMPq$458d514dfbb7488ca29e0ea31778a69a3a67cfb8af1cf1abe5890e7e0e7a99e2268e2f7e82c29fff8b71c5a1f98a313f8044e2a0ac67283283f6dd0018a0e2c1","EMPLOYEE","2026-08-22 07:34:36.351183"
87,"EMP077","Ayush Deshmukh","employee077@dayflow.com","scrypt:32768:8:1$KXpyU54RFXwMdORt$81c53aec7319602e35e7da61d2cd9128ed989efec73591645c39e998a741a845f81aa0e53ee2d5eab33cd2b9cadd35f2caef702e1ff259638c72444dedef9f18","EMPLOYEE","2026-08-22 07:34:36.442108"
88,"EMP078","Shubham Verma","employee078@dayflow.com","scrypt:32768:8:1$17ZiZ5g1VirB38Yl$a3abae24410383be03c339023bab881257679b237da1cfb05e313713043172c459bb183a56ca40c4cdb0726eea10dcd4c24d3828953782591357e93a965bce7d","EMPLOYEE","2026-08-22 07:34:36.533568"
89,"EMP079","Akash Shinde","employee079@dayflow.com","scrypt:32768:8:1$NqdpMazFBR7IdObE$ce7d8762600bed2b9713d94f5ec75e1c244922e38eedb4a1928f1b9d531d4899d635111889410ad397673d2507a2e77d500e7ea7fcfe458c755ba3f8e704135e","EMPLOYEE","2026-08-22 07:34:36.624693"
90,"EMP080","Sakshi Garde","employee080@dayflow.com","scrypt:32768:8:1$drhaGiVNv4Su0VsH$dc7425322f5509a82af0b5293f95d7501fab54a24f2b5e185101dfef63d69bbcb4c1f9615de44896105f906db53587036c3cf32b41878e212768b47539e82eec","EMPLOYEE","2026-08-22 07:34:36.714975"
91,"EMP081","Isha Gaikwad","employee081@dayflow.com","scrypt:32768:8:1$pvptgqPhjUopERql$7dfd36ca9f957f1247279a6c7d74b5a48a0f98b02868dc4b92bc15ff88496af00ffc1fee55f65e402273ca8c82a89504b200d621b55b87a3a3b4eed34f5d09bf","EMPLOYEE","2026-08-22 07:34:36.819532"
92,"EMP082","Karan Pawar","employee082@dayflow.com","scrypt:32768:8:1$NAbmAXAHlr86RKcE$11923a99c49943e7f1b0d99eaa8270e1a1741c958a300d68cc664f8e08e316f7ef265264c137c8b7d7d52171b5b3a5facab20229f05d8258a48ebdaf2c99b260","EMPLOYEE","2026-08-22 07:34:36.911559"
93,"EMP083","Sameer Gaikwad","employee083@dayflow.com","scrypt:32768:8:1$0A1UY2jZuYnfhzjf$f472fda69acf954469739d4767d1b78b424094c0623570f41f2e0def837cd24aa45b486e79f8ea6061ff58c5553e638b393b0b98b764c47011b29037bc46e78c","EMPLOYEE","2026-08-22 07:34:37.011806"
94,"EMP084","Shreya Kulkarni","employee084@dayflow.com","scrypt:32768:8:1$xiH42IJf8cm6oLld$7b1ac9440819463a59a774875a89ffd5b2d8e551f67e6732d3ad6bc223db9125680ebf15a121c799da3073d1e2362241b111add84dfa86940e09991b1018b435","EMPLOYEE","2026-08-22 07:34:37.103327"
95,"EMP085","Manish Sawant","employee085@dayflow.com","scrypt:32768:8:1$PLJmo92i8cPt3KZo$7336cbc39562417661f9555ff369620aa9fdd8cf4fb369f0e613e19409463a9db1f36a492ba06b95d8f4d09c364feb8bd2d62b8fe6e35a5e0d9a9947e43abe09","EMPLOYEE","2026-08-22 07:34:37.196314"
96,"EMP086","Nikhil Garde","employee086@dayflow.com","scrypt:32768:8:1$weBhWwLkElyr4Oq8$410e34ee9f640c0d179686e5e53a2bdd9190fd23e9c54c5e4b8b316656185a531405a9465bad50a8336c52f3f1ea98dea6edd0616d37f9b36797e0d4496ed0c4","EMPLOYEE","2026-08-22 07:34:37.288694"
97,"EMP087","Rahul Deshmukh","employee087@dayflow.com","scrypt:32768:8:1$PJYCI3f4544tXvig$edf691c3612d65d74a508bcd46a68afd1180ccc55b49382aa6a7b66d749d9b50af7b1b249480069a5f0b66a289111b28d4fff796897585af4e259b72c58bd9a3","EMPLOYEE","2026-08-22 07:34:37.379673"
98,"EMP088","Anjali Bhosale","employee088@dayflow.com","scrypt:32768:8:1$IkMS5czV5Lb9uXIO$50b20727bd874540aff17d41f7122f7e4a8de0abf4973a4b97b704c583692551a548238cc8457493e419ecbedf2d840599a1711baeca41dfe94f2b2e7e05cdb3","EMPLOYEE","2026-08-22 07:34:37.483913"
99,"EMP089","Pranav Pawar","employee089@dayflow.com","scrypt:32768:8:1$PtvJjn8hN9zF4VSp$15cf246683da1d3625fefeab9b2ebded07367c0a104b05ccf0a08e43ab3cd23116b152bac8232bf79a7094b20cabd75d865566e2a1d696ebefe04fb81a4c2061","EMPLOYEE","2026-08-22 07:34:37.57981"
100,"EMP090","Neha Gaikwad","employee090@dayflow.com","scrypt:32768:8:1$FO0FvATxzuWqmK00$70225704335c79a6c6d3631c25900019d2d3afd292d62f371eaaa7d01dc458696a71ba9ab14385a9f6b7b9c64f14302290d69d4792eace1b21e12aeb71089a7b","EMPLOYEE","2026-08-22 07:34:37.673085"
